Date,Visitor/Neutral,PTS,Home/Neutral,PTS.1,Result
18-10-2022,Philadelphia 76ers,117,Boston Celtics,126,Boston Celtics
18-10-2022,Los Angeles Lakers,109,Golden State Warriors,123,Golden State Warriors
19-10-2022,Orlando Magic,109,Detroit Pistons,113,Detroit Pistons
19-10-2022,Washington Wizards,114,Indiana Pacers,107,Washington Wizards
19-10-2022,Houston Rockets,107,Atlanta Hawks,117,Atlanta Hawks
19-10-2022,New Orleans Pelicans,130,Brooklyn Nets,108,New Orleans Pelicans
19-10-2022,Chicago Bulls,116,Miami Heat,108,Chicago Bulls
19-10-2022,Cleveland Cavaliers,105,Toronto Raptors,108,Toronto Raptors
19-10-2022,New York Knicks,112,Memphis Grizzlies,115,Memphis Grizzlies
19-10-2022,Oklahoma City Thunder,108,Minnesota Timberwolves,115,Minnesota Timberwolves
19-10-2022,Charlotte Hornets,129,San Antonio Spurs,102,Charlotte Hornets
19-10-2022,Denver Nuggets,102,Utah Jazz,123,Utah Jazz
19-10-2022,Dallas Mavericks,105,Phoenix Suns,107,Phoenix Suns
19-10-2022,Portland Trail Blazers,115,Sacramento Kings,108,Portland Trail Blazers
20-10-2022,Milwaukee Bucks,90,Philadelphia 76ers,88,Milwaukee Bucks
20-10-2022,Los Angeles Clippers,103,Los Angeles Lakers,97,Los Angeles Clippers
21-10-2022,New Orleans Pelicans,124,Charlotte Hornets,112,New Orleans Pelicans
21-10-2022,San Antonio Spurs,137,Indiana Pacers,134,San Antonio Spurs
21-10-2022,Chicago Bulls,100,Washington Wizards,102,Washington Wizards
21-10-2022,Orlando Magic,98,Atlanta Hawks,108,Atlanta Hawks
21-10-2022,Toronto Raptors,105,Brooklyn Nets,109,Brooklyn Nets
21-10-2022,Boston Celtics,111,Miami Heat,104,Boston Celtics
21-10-2022,Detroit Pistons,106,New York Knicks,130,New York Knicks
21-10-2022,Memphis Grizzlies,129,Houston Rockets,122,Memphis Grizzlies
21-10-2022,Utah Jazz,132,Minnesota Timberwolves,126,Utah Jazz
21-10-2022,Denver Nuggets,128,Golden State Warriors,123,Denver Nuggets
21-10-2022,Phoenix Suns,111,Portland Trail Blazers,113,Portland Trail Blazers
22-10-2022,San Antonio Spurs,114,Philadelphia 76ers,105,San Antonio Spurs
22-10-2022,Detroit Pistons,115,Indiana Pacers,124,Indiana Pacers
22-10-2022,Boston Celtics,126,Orlando Magic,120,Boston Celtics
22-10-2022,Toronto Raptors,109,Miami Heat,112,Miami Heat
22-10-2022,Cleveland Cavaliers,128,Chicago Bulls,96,Cleveland Cavaliers
22-10-2022,Houston Rockets,105,Milwaukee Bucks,125,Milwaukee Bucks
22-10-2022,Memphis Grizzlies,96,Dallas Mavericks,137,Dallas Mavericks
22-10-2022,Oklahoma City Thunder,117,Denver Nuggets,122,Denver Nuggets
22-10-2022,Los Angeles Clippers,111,Sacramento Kings,109,Los Angeles Clippers
23-10-2022,Portland Trail Blazers,106,Los Angeles Lakers,104,Portland Trail Blazers
23-10-2022,Charlotte Hornets,126,Atlanta Hawks,109,Charlotte Hornets
23-10-2022,Washington Wizards,107,Cleveland Cavaliers,117,Cleveland Cavaliers
23-10-2022,Utah Jazz,122,New Orleans Pelicans,121,Utah Jazz
23-10-2022,Minnesota Timberwolves,116,Oklahoma City Thunder,106,Minnesota Timberwolves
23-10-2022,Sacramento Kings,125,Golden State Warriors,130,Golden State Warriors
23-10-2022,Phoenix Suns,112,Los Angeles Clippers,95,Phoenix Suns
24-10-2022,Indiana Pacers,106,Philadelphia 76ers,120,Philadelphia 76ers
24-10-2022,Toronto Raptors,98,Miami Heat,90,Toronto Raptors
24-10-2022,Orlando Magic,102,New York Knicks,115,New York Knicks
24-10-2022,Boston Celtics,102,Chicago Bulls,120,Chicago Bulls
24-10-2022,Utah Jazz,108,Houston Rockets,114,Houston Rockets
24-10-2022,Brooklyn Nets,124,Memphis Grizzlies,134,Memphis Grizzlies
24-10-2022,San Antonio Spurs,115,Minnesota Timberwolves,106,San Antonio Spurs
24-10-2022,Denver Nuggets,110,Portland Trail Blazers,135,Portland Trail Blazers
25-10-2022,Detroit Pistons,99,Washington Wizards,120,Washington Wizards
25-10-2022,Dallas Mavericks,111,New Orleans Pelicans,113,New Orleans Pelicans
25-10-2022,Los Angeles Clippers,94,Oklahoma City Thunder,108,Oklahoma City Thunder
25-10-2022,Golden State Warriors,105,Phoenix Suns,134,Phoenix Suns
26-10-2022,Orlando Magic,92,Cleveland Cavaliers,103,Cleveland Cavaliers
26-10-2022,Atlanta Hawks,118,Detroit Pistons,113,Atlanta Hawks
26-10-2022,Charlotte Hornets,131,New York Knicks,134,New York Knicks
26-10-2022,Philadelphia 76ers,109,Toronto Raptors,119,Toronto Raptors
26-10-2022,Brooklyn Nets,99,Milwaukee Bucks,110,Milwaukee Bucks
26-10-2022,Indiana Pacers,109,Chicago Bulls,124,Chicago Bulls
26-10-2022,San Antonio Spurs,122,Minnesota Timberwolves,134,Minnesota Timberwolves
26-10-2022,Houston Rockets,101,Utah Jazz,109,Utah Jazz
26-10-2022,Los Angeles Lakers,99,Denver Nuggets,110,Denver Nuggets
26-10-2022,Miami Heat,119,Portland Trail Blazers,98,Miami Heat
27-10-2022,Dallas Mavericks,129,Brooklyn Nets,125,Dallas Mavericks
27-10-2022,Los Angeles Clippers,110,Oklahoma City Thunder,118,Oklahoma City Thunder
27-10-2022,Miami Heat,110,Golden State Warriors,123,Golden State Warriors
27-10-2022,Memphis Grizzlies,125,Sacramento Kings,110,Memphis Grizzlies
28-10-2022,Atlanta Hawks,136,Detroit Pistons,112,Atlanta Hawks
28-10-2022,Charlotte Hornets,93,Orlando Magic,113,Orlando Magic
28-10-2022,Cleveland Cavaliers,132,Boston Celtics,123,Cleveland Cavaliers
28-10-2022,Philadelphia 76ers,112,Toronto Raptors,90,Philadelphia 76ers
28-10-2022,Indiana Pacers,127,Washington Wizards,117,Indiana Pacers
28-10-2022,New York Knicks,108,Milwaukee Bucks,119,Milwaukee Bucks
28-10-2022,Los Angeles Lakers,102,Minnesota Timberwolves,111,Minnesota Timberwolves
28-10-2022,Chicago Bulls,124,San Antonio Spurs,129,San Antonio Spurs
28-10-2022,Utah Jazz,101,Denver Nuggets,117,Denver Nuggets
28-10-2022,New Orleans Pelicans,111,Phoenix Suns,124,Phoenix Suns
28-10-2022,Houston Rockets,111,Portland Trail Blazers,125,Portland Trail Blazers
29-10-2022,Miami Heat,113,Sacramento Kings,119,Sacramento Kings
29-10-2022,Golden State Warriors,113,Charlotte Hornets,120,Charlotte Hornets
29-10-2022,Indiana Pacers,125,Brooklyn Nets,116,Indiana Pacers
29-10-2022,Philadelphia 76ers,114,Chicago Bulls,109,Philadelphia 76ers
29-10-2022,Atlanta Hawks,115,Milwaukee Bucks,123,Milwaukee Bucks
29-10-2022,Oklahoma City Thunder,117,Dallas Mavericks,111,Oklahoma City Thunder
29-10-2022,Memphis Grizzlies,123,Utah Jazz,124,Utah Jazz
30-10-2022,New Orleans Pelicans,112,Los Angeles Clippers,91,New Orleans Pelicans
30-10-2022,Washington Wizards,94,Boston Celtics,112,Boston Celtics
30-10-2022,New York Knicks,108,Cleveland Cavaliers,121,Cleveland Cavaliers
30-10-2022,Golden State Warriors,114,Detroit Pistons,128,Detroit Pistons
30-10-2022,Minnesota Timberwolves,98,San Antonio Spurs,107,San Antonio Spurs
30-10-2022,Orlando Magic,105,Dallas Mavericks,114,Dallas Mavericks
30-10-2022,Houston Rockets,109,Phoenix Suns,124,Phoenix Suns
30-10-2022,Denver Nuggets,110,Los Angeles Lakers,121,Los Angeles Lakers
31-10-2022,Sacramento Kings,115,Charlotte Hornets,108,Sacramento Kings
31-10-2022,Philadelphia 76ers,118,Washington Wizards,111,Philadelphia 76ers
31-10-2022,Indiana Pacers,109,Brooklyn Nets,116,Brooklyn Nets
31-10-2022,Atlanta Hawks,109,Toronto Raptors,139,Toronto Raptors
31-10-2022,Detroit Pistons,108,Milwaukee Bucks,110,Milwaukee Bucks
31-10-2022,Memphis Grizzlies,105,Utah Jazz,121,Utah Jazz
31-10-2022,Houston Rockets,93,Los Angeles Clippers,95,Los Angeles Clippers
01-11-2022,Chicago Bulls,108,Brooklyn Nets,99,Chicago Bulls
01-11-2022,Golden State Warriors,109,Miami Heat,116,Miami Heat
01-11-2022,Orlando Magic,108,Oklahoma City Thunder,116,Oklahoma City Thunder
01-11-2022,Minnesota Timberwolves,107,Phoenix Suns,116,Phoenix Suns
02-11-2022,Boston Celtics,113,Cleveland Cavaliers,114,Cleveland Cavaliers
02-11-2022,Washington Wizards,121,Philadelphia 76ers,111,Washington Wizards
02-11-2022,Sacramento Kings,107,Miami Heat,110,Miami Heat
02-11-2022,Atlanta Hawks,112,New York Knicks,99,Atlanta Hawks
02-11-2022,Charlotte Hornets,88,Chicago Bulls,106,Chicago Bulls
02-11-2022,Los Angeles Clippers,109,Houston Rockets,101,Los Angeles Clippers
02-11-2022,Detroit Pistons,91,Milwaukee Bucks,116,Milwaukee Bucks
02-11-2022,Toronto Raptors,143,San Antonio Spurs,100,Toronto Raptors
02-11-2022,Utah Jazz,100,Dallas Mavericks,103,Dallas Mavericks
02-11-2022,Memphis Grizzlies,111,Portland Trail Blazers,106,Memphis Grizzlies
02-11-2022,New Orleans Pelicans,117,Los Angeles Lakers,120,Los Angeles Lakers
03-11-2022,Golden State Warriors,129,Orlando Magic,130,Orlando Magic
03-11-2022,Denver Nuggets,122,Oklahoma City Thunder,110,Denver Nuggets
04-11-2022,Cleveland Cavaliers,112,Detroit Pistons,88,Cleveland Cavaliers
04-11-2022,Miami Heat,99,Indiana Pacers,101,Indiana Pacers
04-11-2022,New York Knicks,106,Philadelphia 76ers,104,New York Knicks
04-11-2022,Brooklyn Nets,128,Washington Wizards,86,Brooklyn Nets
04-11-2022,Chicago Bulls,119,Boston Celtics,123,Boston Celtics
04-11-2022,Charlotte Hornets,99,Memphis Grizzlies,130,Memphis Grizzlies
04-11-2022,Los Angeles Clippers,113,San Antonio Spurs,106,Los Angeles Clippers
04-11-2022,Toronto Raptors,110,Dallas Mavericks,111,Dallas Mavericks
04-11-2022,Golden State Warriors,105,New Orleans Pelicans,114,New Orleans Pelicans
04-11-2022,Milwaukee Bucks,115,Minnesota Timberwolves,102,Milwaukee Bucks
04-11-2022,Portland Trail Blazers,108,Phoenix Suns,106,Portland Trail Blazers
04-11-2022,Utah Jazz,130,Los Angeles Lakers,116,Utah Jazz
05-11-2022,Sacramento Kings,126,Orlando Magic,123,Sacramento Kings
05-11-2022,Brooklyn Nets,98,Charlotte Hornets,94,Brooklyn Nets
05-11-2022,New Orleans Pelicans,121,Atlanta Hawks,124,Atlanta Hawks
05-11-2022,Boston Celtics,133,New York Knicks,118,Boston Celtics
05-11-2022,Oklahoma City Thunder,94,Milwaukee Bucks,108,Milwaukee Bucks
05-11-2022,Houston Rockets,117,Minnesota Timberwolves,129,Minnesota Timberwolves
05-11-2022,San Antonio Spurs,101,Denver Nuggets,126,Denver Nuggets
05-11-2022,Portland Trail Blazers,82,Phoenix Suns,102,Phoenix Suns
06-11-2022,Cleveland Cavaliers,114,Los Angeles Lakers,100,Cleveland Cavaliers
06-11-2022,Chicago Bulls,104,Toronto Raptors,113,Toronto Raptors
06-11-2022,Washington Wizards,97,Memphis Grizzlies,103,Memphis Grizzlies
06-11-2022,Utah Jazz,110,Los Angeles Clippers,102,Utah Jazz
07-11-2022,Washington Wizards,108,Charlotte Hornets,100,Washington Wizards
07-11-2022,Houston Rockets,134,Orlando Magic,127,Houston Rockets
07-11-2022,Oklahoma City Thunder,103,Detroit Pistons,112,Detroit Pistons
07-11-2022,New Orleans Pelicans,122,Indiana Pacers,129,Indiana Pacers
07-11-2022,Phoenix Suns,88,Philadelphia 76ers,100,Philadelphia 76ers
07-11-2022,Milwaukee Bucks,98,Atlanta Hawks,117,Atlanta Hawks
07-11-2022,Portland Trail Blazers,110,Miami Heat,107,Portland Trail Blazers
07-11-2022,Toronto Raptors,97,Chicago Bulls,111,Chicago Bulls
07-11-2022,Boston Celtics,109,Memphis Grizzlies,106,Boston Celtics
07-11-2022,New York Knicks,120,Minnesota Timberwolves,107,New York Knicks
07-11-2022,Denver Nuggets,115,San Antonio Spurs,109,Denver Nuggets
07-11-2022,Brooklyn Nets,94,Dallas Mavericks,96,Dallas Mavericks
07-11-2022,Sacramento Kings,113,Golden State Warriors,116,Golden State Warriors
07-11-2022,Los Angeles Lakers,116,Utah Jazz,139,Utah Jazz
07-11-2022,Cleveland Cavaliers,117,Los Angeles Clippers,119,Los Angeles Clippers
09-11-2022,Portland Trail Blazers,105,Charlotte Hornets,95,Portland Trail Blazers
09-11-2022,Denver Nuggets,122,Indiana Pacers,119,Denver Nuggets
09-11-2022,Dallas Mavericks,87,Orlando Magic,94,Orlando Magic
09-11-2022,Utah Jazz,125,Atlanta Hawks,119,Utah Jazz
09-11-2022,Detroit Pistons,112,Boston Celtics,128,Boston Celtics
09-11-2022,New York Knicks,85,Brooklyn Nets,112,Brooklyn Nets
09-11-2022,Houston Rockets,109,Toronto Raptors,116,Toronto Raptors
09-11-2022,New Orleans Pelicans,115,Chicago Bulls,111,New Orleans Pelicans
09-11-2022,Phoenix Suns,129,Minnesota Timberwolves,117,Phoenix Suns
09-11-2022,Milwaukee Bucks,136,Oklahoma City Thunder,132,Milwaukee Bucks
09-11-2022,Memphis Grizzlies,124,San Antonio Spurs,122,Memphis Grizzlies
09-11-2022,Los Angeles Lakers,101,Los Angeles Clippers,114,Los Angeles Clippers
09-11-2022,Cleveland Cavaliers,120,Sacramento Kings,127,Sacramento Kings
10-11-2022,Dallas Mavericks,105,Washington Wizards,113,Washington Wizards
10-11-2022,Philadelphia 76ers,95,Atlanta Hawks,104,Atlanta Hawks
10-11-2022,Charlotte Hornets,112,Miami Heat,117,Miami Heat
10-11-2022,Portland Trail Blazers,106,New Orleans Pelicans,95,Portland Trail Blazers
11-11-2022,Denver Nuggets,112,Boston Celtics,131,Boston Celtics
11-11-2022,Phoenix Suns,97,Orlando Magic,114,Orlando Magic
11-11-2022,Detroit Pistons,112,New York Knicks,121,New York Knicks
11-11-2022,Toronto Raptors,113,Oklahoma City Thunder,132,Oklahoma City Thunder
11-11-2022,Milwaukee Bucks,93,San Antonio Spurs,111,San Antonio Spurs
11-11-2022,Minnesota Timberwolves,103,Memphis Grizzlies,114,Memphis Grizzlies
11-11-2022,Cleveland Cavaliers,101,Golden State Warriors,106,Golden State Warriors
11-11-2022,Sacramento Kings,120,Los Angeles Lakers,114,Sacramento Kings
12-11-2022,Brooklyn Nets,110,Los Angeles Clippers,95,Brooklyn Nets
12-11-2022,Utah Jazz,112,Washington Wizards,121,Washington Wizards
12-11-2022,Boston Celtics,117,Detroit Pistons,108,Boston Celtics
12-11-2022,Toronto Raptors,104,Indiana Pacers,118,Indiana Pacers
12-11-2022,Atlanta Hawks,109,Philadelphia 76ers,121,Philadelphia 76ers
12-11-2022,Charlotte Hornets,115,Miami Heat,132,Miami Heat
12-11-2022,Portland Trail Blazers,112,Dallas Mavericks,117,Dallas Mavericks
12-11-2022,Houston Rockets,106,New Orleans Pelicans,119,New Orleans Pelicans
13-11-2022,Oklahoma City Thunder,145,New York Knicks,135,Oklahoma City Thunder
13-11-2022,Minnesota Timberwolves,129,Cleveland Cavaliers,124,Minnesota Timberwolves
13-11-2022,Memphis Grizzlies,92,Washington Wizards,102,Washington Wizards
13-11-2022,Utah Jazz,98,Philadelphia 76ers,105,Philadelphia 76ers
13-11-2022,Denver Nuggets,126,Chicago Bulls,103,Denver Nuggets
13-11-2022,Golden State Warriors,115,Sacramento Kings,122,Sacramento Kings
13-11-2022,Brooklyn Nets,103,Los Angeles Lakers,116,Los Angeles Lakers
14-11-2022,Toronto Raptors,115,Detroit Pistons,111,Toronto Raptors
14-11-2022,Charlotte Hornets,112,Orlando Magic,105,Charlotte Hornets
14-11-2022,Oklahoma City Thunder,122,Boston Celtics,126,Boston Celtics
14-11-2022,Phoenix Suns,112,Miami Heat,113,Miami Heat
14-11-2022,Los Angeles Clippers,122,Houston Rockets,106,Los Angeles Clippers
14-11-2022,Atlanta Hawks,121,Milwaukee Bucks,106,Atlanta Hawks
14-11-2022,San Antonio Spurs,95,Golden State Warriors,132,Golden State Warriors
15-11-2022,Memphis Grizzlies,102,New Orleans Pelicans,113,New Orleans Pelicans
15-11-2022,Los Angeles Clippers,101,Dallas Mavericks,103,Dallas Mavericks
15-11-2022,New York Knicks,118,Utah Jazz,111,New York Knicks
15-11-2022,San Antonio Spurs,110,Portland Trail Blazers,117,Portland Trail Blazers
15-11-2022,Brooklyn Nets,121,Sacramento Kings,153,Sacramento Kings
16-11-2022,Indiana Pacers,125,Charlotte Hornets,113,Indiana Pacers
16-11-2022,Minnesota Timberwolves,126,Orlando Magic,108,Minnesota Timberwolves
16-11-2022,Oklahoma City Thunder,121,Washington Wizards,120,Oklahoma City Thunder
16-11-2022,Boston Celtics,126,Atlanta Hawks,101,Boston Celtics
16-11-2022,Miami Heat,104,Toronto Raptors,112,Toronto Raptors
16-11-2022,Cleveland Cavaliers,98,Milwaukee Bucks,113,Milwaukee Bucks
16-11-2022,Chicago Bulls,110,New Orleans Pelicans,124,New Orleans Pelicans
16-11-2022,Houston Rockets,101,Dallas Mavericks,92,Houston Rockets
16-11-2022,New York Knicks,106,Denver Nuggets,103,New York Knicks
16-11-2022,Golden State Warriors,119,Phoenix Suns,130,Phoenix Suns
17-11-2022,Brooklyn Nets,109,Portland Trail Blazers,107,Brooklyn Nets
17-11-2022,San Antonio Spurs,112,Sacramento Kings,130,Sacramento Kings
17-11-2022,Detroit Pistons,91,Los Angeles Clippers,96,Los Angeles Clippers
18-11-2022,Miami Heat,106,Washington Wizards,107,Washington Wizards
18-11-2022,Charlotte Hornets,122,Cleveland Cavaliers,132,Cleveland Cavaliers
18-11-2022,Milwaukee Bucks,102,Philadelphia 76ers,110,Philadelphia 76ers
18-11-2022,Orlando Magic,108,Chicago Bulls,107,Orlando Magic
18-11-2022,Indiana Pacers,99,Houston Rockets,91,Indiana Pacers
18-11-2022,Oklahoma City Thunder,110,Memphis Grizzlies,121,Memphis Grizzlies
18-11-2022,Denver Nuggets,99,Dallas Mavericks,127,Dallas Mavericks
18-11-2022,Boston Celtics,117,New Orleans Pelicans,109,Boston Celtics
18-11-2022,Phoenix Suns,133,Utah Jazz,134,Utah Jazz
18-11-2022,New York Knicks,101,Golden State Warriors,111,Golden State Warriors
18-11-2022,Detroit Pistons,121,Los Angeles Lakers,128,Los Angeles Lakers
19-11-2022,Toronto Raptors,122,Atlanta Hawks,124,Atlanta Hawks
19-11-2022,Orlando Magic,113,Indiana Pacers,114,Indiana Pacers
19-11-2022,Minnesota Timberwolves,112,Philadelphia 76ers,109,Minnesota Timberwolves
19-11-2022,Utah Jazz,118,Portland Trail Blazers,113,Utah Jazz
19-11-2022,San Antonio Spurs,97,Los Angeles Clippers,119,Los Angeles Clippers
20-11-2022,New York Knicks,95,Phoenix Suns,116,Phoenix Suns
20-11-2022,Charlotte Hornets,102,Washington Wizards,106,Washington Wizards
20-11-2022,Detroit Pistons,129,Sacramento Kings,137,Sacramento Kings
20-11-2022,Memphis Grizzlies,115,Brooklyn Nets,127,Brooklyn Nets
20-11-2022,Miami Heat,87,Cleveland Cavaliers,113,Cleveland Cavaliers
20-11-2022,Golden State Warriors,127,Houston Rockets,120,Golden State Warriors
20-11-2022,Denver Nuggets,98,Dallas Mavericks,97,Denver Nuggets
20-11-2022,San Antonio Spurs,92,Los Angeles Lakers,123,Los Angeles Lakers
21-11-2022,Atlanta Hawks,102,Cleveland Cavaliers,114,Cleveland Cavaliers
21-11-2022,Orlando Magic,102,Indiana Pacers,123,Indiana Pacers
21-11-2022,Boston Celtics,107,Chicago Bulls,121,Chicago Bulls
21-11-2022,Portland Trail Blazers,111,Milwaukee Bucks,119,Milwaukee Bucks
21-11-2022,Miami Heat,101,Minnesota Timberwolves,105,Minnesota Timberwolves
21-11-2022,Golden State Warriors,83,New Orleans Pelicans,128,New Orleans Pelicans
21-11-2022,New York Knicks,129,Oklahoma City Thunder,119,New York Knicks
21-11-2022,Utah Jazz,114,Los Angeles Clippers,121,Los Angeles Clippers
22-11-2022,Brooklyn Nets,106,Philadelphia 76ers,115,Philadelphia 76ers
22-11-2022,Sacramento Kings,113,Memphis Grizzlies,109,Sacramento Kings
22-11-2022,Detroit Pistons,110,Denver Nuggets,108,Detroit Pistons
22-11-2022,Los Angeles Lakers,105,Phoenix Suns,115,Phoenix Suns
23-11-2022,Philadelphia 76ers,101,Charlotte Hornets,107,Charlotte Hornets
23-11-2022,Portland Trail Blazers,96,Cleveland Cavaliers,114,Cleveland Cavaliers
23-11-2022,Minnesota Timberwolves,115,Indiana Pacers,101,Minnesota Timberwolves
23-11-2022,Sacramento Kings,106,Atlanta Hawks,115,Atlanta Hawks
23-11-2022,Dallas Mavericks,112,Boston Celtics,125,Boston Celtics
23-11-2022,Washington Wizards,105,Miami Heat,113,Miami Heat
23-11-2022,Brooklyn Nets,112,Toronto Raptors,98,Brooklyn Nets
23-11-2022,Chicago Bulls,118,Milwaukee Bucks,113,Chicago Bulls
23-11-2022,Denver Nuggets,131,Oklahoma City Thunder,126,Denver Nuggets
23-11-2022,New Orleans Pelicans,129,San Antonio Spurs,110,New Orleans Pelicans
23-11-2022,Detroit Pistons,125,Utah Jazz,116,Detroit Pistons
23-11-2022,Los Angeles Clippers,107,Golden State Warriors,124,Golden State Warriors
25-11-2022,Minnesota Timberwolves,108,Charlotte Hornets,110,Charlotte Hornets
25-11-2022,Philadelphia 76ers,107,Orlando Magic,99,Philadelphia 76ers
25-11-2022,Portland Trail Blazers,132,New York Knicks,129,Portland Trail Blazers
25-11-2022,Sacramento Kings,104,Boston Celtics,122,Boston Celtics
25-11-2022,Brooklyn Nets,117,Indiana Pacers,128,Indiana Pacers
25-11-2022,Washington Wizards,107,Miami Heat,110,Miami Heat
25-11-2022,Atlanta Hawks,122,Houston Rockets,128,Houston Rockets
25-11-2022,New Orleans Pelicans,111,Memphis Grizzlies,132,Memphis Grizzlies
25-11-2022,Cleveland Cavaliers,102,Milwaukee Bucks,117,Milwaukee Bucks
25-11-2022,Chicago Bulls,119,Oklahoma City Thunder,123,Oklahoma City Thunder
25-11-2022,Los Angeles Lakers,105,San Antonio Spurs,94,Los Angeles Lakers
25-11-2022,Detroit Pistons,102,Phoenix Suns,108,Phoenix Suns
25-11-2022,Utah Jazz,118,Golden State Warriors,129,Golden State Warriors
25-11-2022,Denver Nuggets,114,Los Angeles Clippers,104,Denver Nuggets
26-11-2022,Dallas Mavericks,100,Toronto Raptors,105,Toronto Raptors
26-11-2022,Oklahoma City Thunder,105,Houston Rockets,118,Houston Rockets
26-11-2022,Los Angeles Lakers,143,San Antonio Spurs,138,Los Angeles Lakers
26-11-2022,Utah Jazz,112,Phoenix Suns,113,Phoenix Suns
27-11-2022,Portland Trail Blazers,97,Brooklyn Nets,111,Brooklyn Nets
27-11-2022,Golden State Warriors,137,Minnesota Timberwolves,114,Golden State Warriors
27-11-2022,Indiana Pacers,100,Los Angeles Clippers,114,Los Angeles Clippers
27-11-2022,Miami Heat,106,Atlanta Hawks,98,Miami Heat
27-11-2022,Washington Wizards,121,Boston Celtics,130,Boston Celtics
27-11-2022,Cleveland Cavaliers,102,Detroit Pistons,94,Cleveland Cavaliers
27-11-2022,Memphis Grizzlies,127,New York Knicks,123,Memphis Grizzlies
27-11-2022,Philadelphia 76ers,133,Orlando Magic,103,Philadelphia 76ers
27-11-2022,Dallas Mavericks,115,Milwaukee Bucks,124,Milwaukee Bucks
28-11-2022,Atlanta Hawks,101,Philadelphia 76ers,104,Philadelphia 76ers
28-11-2022,Minnesota Timberwolves,127,Washington Wizards,142,Washington Wizards
28-11-2022,Charlotte Hornets,105,Boston Celtics,140,Boston Celtics
28-11-2022,Orlando Magic,102,Brooklyn Nets,109,Brooklyn Nets
28-11-2022,Cleveland Cavaliers,88,Toronto Raptors,100,Toronto Raptors
28-11-2022,Oklahoma City Thunder,101,New Orleans Pelicans,105,New Orleans Pelicans
28-11-2022,Houston Rockets,113,Denver Nuggets,129,Denver Nuggets
28-11-2022,Chicago Bulls,114,Utah Jazz,107,Chicago Bulls
28-11-2022,Phoenix Suns,122,Sacramento Kings,117,Phoenix Suns
28-11-2022,Indiana Pacers,116,Los Angeles Lakers,115,Indiana Pacers
29-11-2022,New York Knicks,140,Detroit Pistons,110,New York Knicks
29-11-2022,Golden State Warriors,113,Dallas Mavericks,116,Dallas Mavericks
29-11-2022,Los Angeles Clippers,118,Portland Trail Blazers,112,Los Angeles Clippers
30-11-2022,Philadelphia 76ers,85,Cleveland Cavaliers,113,Cleveland Cavaliers
30-11-2022,Atlanta Hawks,125,Orlando Magic,108,Atlanta Hawks
30-11-2022,Miami Heat,121,Boston Celtics,134,Boston Celtics
30-11-2022,Washington Wizards,107,Brooklyn Nets,113,Brooklyn Nets
30-11-2022,Milwaukee Bucks,109,New York Knicks,103,Milwaukee Bucks
30-11-2022,Memphis Grizzlies,101,Minnesota Timberwolves,109,Minnesota Timberwolves
30-11-2022,Toronto Raptors,108,New Orleans Pelicans,126,New Orleans Pelicans
30-11-2022,San Antonio Spurs,111,Oklahoma City Thunder,119,Oklahoma City Thunder
30-11-2022,Houston Rockets,100,Denver Nuggets,120,Denver Nuggets
30-11-2022,Chicago Bulls,113,Phoenix Suns,132,Phoenix Suns
30-11-2022,Los Angeles Clippers,112,Utah Jazz,125,Utah Jazz
30-11-2022,Indiana Pacers,114,Sacramento Kings,137,Sacramento Kings
30-11-2022,Portland Trail Blazers,109,Los Angeles Lakers,128,Los Angeles Lakers
01-12-2022,Dallas Mavericks,125,Detroit Pistons,131,Detroit Pistons
02-12-2022,Washington Wizards,116,Charlotte Hornets,117,Charlotte Hornets
02-12-2022,Denver Nuggets,109,Atlanta Hawks,117,Atlanta Hawks
02-12-2022,Miami Heat,120,Boston Celtics,116,Miami Heat
02-12-2022,Toronto Raptors,105,Brooklyn Nets,114,Brooklyn Nets
02-12-2022,Orlando Magic,96,Cleveland Cavaliers,107,Cleveland Cavaliers
02-12-2022,Los Angeles Lakers,133,Milwaukee Bucks,129,Los Angeles Lakers
02-12-2022,Philadelphia 76ers,109,Memphis Grizzlies,117,Memphis Grizzlies
02-12-2022,New Orleans Pelicans,117,San Antonio Spurs,99,New Orleans Pelicans
02-12-2022,Houston Rockets,122,Phoenix Suns,121,Houston Rockets
02-12-2022,Indiana Pacers,119,Utah Jazz,139,Utah Jazz
02-12-2022,Chicago Bulls,111,Golden State Warriors,119,Golden State Warriors
03-12-2022,Dallas Mavericks,121,New York Knicks,100,Dallas Mavericks
03-12-2022,Sacramento Kings,123,Los Angeles Clippers,96,Sacramento Kings
03-12-2022,Milwaukee Bucks,105,Charlotte Hornets,96,Milwaukee Bucks
03-12-2022,Orlando Magic,108,Toronto Raptors,121,Toronto Raptors
03-12-2022,Oklahoma City Thunder,135,Minnesota Timberwolves,128,Oklahoma City Thunder
03-12-2022,Houston Rockets,101,Golden State Warriors,120,Golden State Warriors
03-12-2022,Portland Trail Blazers,116,Utah Jazz,111,Portland Trail Blazers
04-12-2022,Denver Nuggets,106,New Orleans Pelicans,121,New Orleans Pelicans
04-12-2022,Phoenix Suns,133,San Antonio Spurs,95,Phoenix Suns
04-12-2022,Boston Celtics,103,Brooklyn Nets,92,Boston Celtics
04-12-2022,Memphis Grizzlies,122,Detroit Pistons,112,Memphis Grizzlies
04-12-2022,Cleveland Cavaliers,81,New York Knicks,92,New York Knicks
04-12-2022,Los Angeles Lakers,130,Washington Wizards,119,Los Angeles Lakers
04-12-2022,Chicago Bulls,101,Sacramento Kings,110,Sacramento Kings
04-12-2022,Indiana Pacers,100,Portland Trail Blazers,116,Portland Trail Blazers
05-12-2022,Los Angeles Clippers,119,Charlotte Hornets,117,Los Angeles Clippers
05-12-2022,Milwaukee Bucks,109,Orlando Magic,102,Milwaukee Bucks
05-12-2022,Oklahoma City Thunder,121,Atlanta Hawks,114,Oklahoma City Thunder
05-12-2022,Boston Celtics,116,Toronto Raptors,110,Boston Celtics
05-12-2022,Philadelphia 76ers,123,Houston Rockets,132,Houston Rockets
05-12-2022,Miami Heat,93,Memphis Grizzlies,101,Memphis Grizzlies
05-12-2022,Phoenix Suns,111,Dallas Mavericks,130,Dallas Mavericks
05-12-2022,Indiana Pacers,112,Golden State Warriors,104,Indiana Pacers
06-12-2022,Los Angeles Lakers,102,Cleveland Cavaliers,116,Cleveland Cavaliers
06-12-2022,Detroit Pistons,116,Miami Heat,96,Detroit Pistons
06-12-2022,Dallas Mavericks,116,Denver Nuggets,115,Dallas Mavericks
07-12-2022,Los Angeles Clippers,111,Orlando Magic,116,Orlando Magic
07-12-2022,Charlotte Hornets,116,Brooklyn Nets,122,Brooklyn Nets
07-12-2022,Atlanta Hawks,89,New York Knicks,113,New York Knicks
07-12-2022,Los Angeles Lakers,113,Toronto Raptors,126,Toronto Raptors
07-12-2022,Washington Wizards,111,Chicago Bulls,115,Chicago Bulls
07-12-2022,Oklahoma City Thunder,102,Memphis Grizzlies,123,Memphis Grizzlies
07-12-2022,Sacramento Kings,113,Milwaukee Bucks,126,Milwaukee Bucks
07-12-2022,Indiana Pacers,115,Minnesota Timberwolves,121,Minnesota Timberwolves
07-12-2022,Detroit Pistons,98,New Orleans Pelicans,104,New Orleans Pelicans
07-12-2022,Golden State Warriors,123,Utah Jazz,124,Utah Jazz
07-12-2022,Boston Celtics,125,Phoenix Suns,98,Boston Celtics
08-12-2022,Los Angeles Clippers,110,Miami Heat,115,Miami Heat
08-12-2022,Houston Rockets,109,San Antonio Spurs,118,San Antonio Spurs
08-12-2022,Denver Nuggets,121,Portland Trail Blazers,120,Denver Nuggets
09-12-2022,New York Knicks,121,Charlotte Hornets,102,New York Knicks
09-12-2022,Washington Wizards,111,Indiana Pacers,121,Indiana Pacers
09-12-2022,Toronto Raptors,109,Orlando Magic,113,Orlando Magic
09-12-2022,Atlanta Hawks,116,Brooklyn Nets,120,Brooklyn Nets
09-12-2022,Sacramento Kings,106,Cleveland Cavaliers,95,Sacramento Kings
09-12-2022,Los Angeles Lakers,122,Philadelphia 76ers,133,Philadelphia 76ers
09-12-2022,Detroit Pistons,103,Memphis Grizzlies,114,Memphis Grizzlies
09-12-2022,Phoenix Suns,117,New Orleans Pelicans,128,New Orleans Pelicans
09-12-2022,Minnesota Timberwolves,118,Utah Jazz,108,Minnesota Timberwolves
09-12-2022,Milwaukee Bucks,106,Dallas Mavericks,105,Milwaukee Bucks
10-12-2022,San Antonio Spurs,115,Miami Heat,111,San Antonio Spurs
10-12-2022,Brooklyn Nets,136,Indiana Pacers,133,Brooklyn Nets
10-12-2022,Los Angeles Clippers,114,Washington Wizards,107,Los Angeles Clippers
10-12-2022,Oklahoma City Thunder,102,Cleveland Cavaliers,110,Cleveland Cavaliers
10-12-2022,Dallas Mavericks,115,Chicago Bulls,144,Chicago Bulls
10-12-2022,Boston Celtics,107,Golden State Warriors,123,Golden State Warriors
10-12-2022,Utah Jazz,110,Denver Nuggets,115,Denver Nuggets
10-12-2022,Minnesota Timberwolves,118,Portland Trail Blazers,124,Portland Trail Blazers
11-12-2022,Phoenix Suns,124,New Orleans Pelicans,129,New Orleans Pelicans
11-12-2022,Los Angeles Lakers,124,Detroit Pistons,117,Los Angeles Lakers
11-12-2022,Sacramento Kings,99,New York Knicks,112,New York Knicks
11-12-2022,Toronto Raptors,99,Orlando Magic,111,Orlando Magic
11-12-2022,Charlotte Hornets,113,Philadelphia 76ers,131,Philadelphia 76ers
11-12-2022,Chicago Bulls,122,Atlanta Hawks,123,Atlanta Hawks
11-12-2022,Milwaukee Bucks,92,Houston Rockets,97,Houston Rockets
12-12-2022,Miami Heat,87,Indiana Pacers,82,Miami Heat
12-12-2022,Brooklyn Nets,112,Washington Wizards,100,Brooklyn Nets
12-12-2022,Atlanta Hawks,103,Memphis Grizzlies,128,Memphis Grizzlies
12-12-2022,Oklahoma City Thunder,114,Dallas Mavericks,121,Dallas Mavericks
12-12-2022,Cleveland Cavaliers,111,San Antonio Spurs,112,San Antonio Spurs
12-12-2022,Minnesota Timberwolves,112,Portland Trail Blazers,133,Portland Trail Blazers
12-12-2022,Boston Celtics,93,Los Angeles Clippers,113,Los Angeles Clippers
13-12-2022,Sacramento Kings,103,Philadelphia 76ers,123,Philadelphia 76ers
13-12-2022,Golden State Warriors,111,Milwaukee Bucks,128,Milwaukee Bucks
13-12-2022,Phoenix Suns,97,Houston Rockets,111,Houston Rockets
13-12-2022,New Orleans Pelicans,100,Utah Jazz,121,Utah Jazz
13-12-2022,Boston Celtics,122,Los Angeles Lakers,118,Boston Celtics
14-12-2022,Detroit Pistons,141,Charlotte Hornets,134,Detroit Pistons
14-12-2022,Golden State Warriors,119,Indiana Pacers,125,Indiana Pacers
14-12-2022,Atlanta Hawks,124,Orlando Magic,135,Orlando Magic
14-12-2022,Sacramento Kings,124,Toronto Raptors,123,Sacramento Kings
14-12-2022,New York Knicks,128,Chicago Bulls,120,New York Knicks
14-12-2022,Miami Heat,110,Oklahoma City Thunder,108,Miami Heat
14-12-2022,Portland Trail Blazers,128,San Antonio Spurs,112,Portland Trail Blazers
14-12-2022,Cleveland Cavaliers,105,Dallas Mavericks,90,Cleveland Cavaliers
14-12-2022,Washington Wizards,128,Denver Nuggets,141,Denver Nuggets
14-12-2022,Minnesota Timberwolves,88,Los Angeles Clippers,99,Los Angeles Clippers
15-12-2022,Miami Heat,111,Houston Rockets,108,Miami Heat
15-12-2022,Milwaukee Bucks,101,Memphis Grizzlies,142,Memphis Grizzlies
15-12-2022,New Orleans Pelicans,129,Utah Jazz,132,Utah Jazz
15-12-2022,Phoenix Suns,111,Los Angeles Clippers,95,Phoenix Suns
16-12-2022,Atlanta Hawks,125,Charlotte Hornets,106,Atlanta Hawks
16-12-2022,Sacramento Kings,122,Detroit Pistons,113,Sacramento Kings
16-12-2022,Orlando Magic,117,Boston Celtics,109,Orlando Magic
16-12-2022,Indiana Pacers,112,Cleveland Cavaliers,118,Cleveland Cavaliers
16-12-2022,Golden State Warriors,106,Philadelphia 76ers,118,Philadelphia 76ers
16-12-2022,Brooklyn Nets,119,Toronto Raptors,116,Brooklyn Nets
16-12-2022,New York Knicks,114,Chicago Bulls,91,New York Knicks
16-12-2022,Minnesota Timberwolves,112,Oklahoma City Thunder,110,Minnesota Timberwolves
16-12-2022,Portland Trail Blazers,110,Dallas Mavericks,130,Dallas Mavericks
16-12-2022,Denver Nuggets,108,Los Angeles Lakers,126,Los Angeles Lakers
17-12-2022,Washington Wizards,93,Los Angeles Clippers,102,Los Angeles Clippers
17-12-2022,Miami Heat,111,San Antonio Spurs,101,Miami Heat
17-12-2022,Dallas Mavericks,99,Cleveland Cavaliers,100,Cleveland Cavaliers
17-12-2022,Portland Trail Blazers,107,Houston Rockets,95,Portland Trail Blazers
17-12-2022,Utah Jazz,97,Milwaukee Bucks,123,Milwaukee Bucks
17-12-2022,Memphis Grizzlies,109,Oklahoma City Thunder,115,Oklahoma City Thunder
17-12-2022,New Orleans Pelicans,114,Phoenix Suns,118,Phoenix Suns
18-12-2022,Orlando Magic,95,Boston Celtics,92,Orlando Magic
18-12-2022,New York Knicks,109,Indiana Pacers,106,New York Knicks
18-12-2022,Brooklyn Nets,124,Detroit Pistons,121,Brooklyn Nets
18-12-2022,Golden State Warriors,126,Toronto Raptors,110,Golden State Warriors
18-12-2022,Chicago Bulls,126,Minnesota Timberwolves,150,Minnesota Timberwolves
18-12-2022,Charlotte Hornets,115,Denver Nuggets,119,Denver Nuggets
18-12-2022,Washington Wizards,117,Los Angeles Lakers,119,Los Angeles Lakers
19-12-2022,Utah Jazz,99,Cleveland Cavaliers,122,Cleveland Cavaliers
19-12-2022,Toronto Raptors,101,Philadelphia 76ers,104,Philadelphia 76ers
19-12-2022,Orlando Magic,125,Atlanta Hawks,126,Atlanta Hawks
19-12-2022,San Antonio Spurs,124,Houston Rockets,105,San Antonio Spurs
19-12-2022,Dallas Mavericks,106,Minnesota Timberwolves,116,Minnesota Timberwolves
19-12-2022,Milwaukee Bucks,128,New Orleans Pelicans,119,Milwaukee Bucks
19-12-2022,Portland Trail Blazers,121,Oklahoma City Thunder,123,Oklahoma City Thunder
19-12-2022,Los Angeles Lakers,104,Phoenix Suns,130,Phoenix Suns
19-12-2022,Charlotte Hornets,125,Sacramento Kings,119,Charlotte Hornets
20-12-2022,Utah Jazz,126,Detroit Pistons,111,Utah Jazz
20-12-2022,Chicago Bulls,113,Miami Heat,103,Chicago Bulls
20-12-2022,Golden State Warriors,94,New York Knicks,132,New York Knicks
20-12-2022,Washington Wizards,113,Phoenix Suns,110,Washington Wizards
20-12-2022,Memphis Grizzlies,91,Denver Nuggets,105,Denver Nuggets
21-12-2022,Milwaukee Bucks,106,Cleveland Cavaliers,114,Cleveland Cavaliers
21-12-2022,Detroit Pistons,93,Philadelphia 76ers,113,Philadelphia 76ers
21-12-2022,Chicago Bulls,110,Atlanta Hawks,108,Chicago Bulls
21-12-2022,Indiana Pacers,117,Boston Celtics,112,Indiana Pacers
21-12-2022,Golden State Warriors,113,Brooklyn Nets,143,Brooklyn Nets
21-12-2022,Toronto Raptors,113,New York Knicks,106,Toronto Raptors
21-12-2022,Orlando Magic,116,Houston Rockets,110,Orlando Magic
21-12-2022,Dallas Mavericks,104,Minnesota Timberwolves,99,Dallas Mavericks
21-12-2022,Portland Trail Blazers,98,Oklahoma City Thunder,101,Oklahoma City Thunder
21-12-2022,Los Angeles Lakers,120,Sacramento Kings,134,Sacramento Kings
21-12-2022,Charlotte Hornets,105,Los Angeles Clippers,126,Los Angeles Clippers
22-12-2022,San Antonio Spurs,117,New Orleans Pelicans,126,New Orleans Pelicans
22-12-2022,Washington Wizards,112,Utah Jazz,120,Utah Jazz
23-12-2022,San Antonio Spurs,113,Orlando Magic,133,Orlando Magic
23-12-2022,Los Angeles Clippers,114,Philadelphia 76ers,119,Philadelphia 76ers
23-12-2022,Detroit Pistons,105,Atlanta Hawks,130,Atlanta Hawks
23-12-2022,Minnesota Timberwolves,109,Boston Celtics,121,Boston Celtics
23-12-2022,Milwaukee Bucks,100,Brooklyn Nets,118,Brooklyn Nets
23-12-2022,Toronto Raptors,118,Cleveland Cavaliers,107,Toronto Raptors
23-12-2022,Chicago Bulls,118,New York Knicks,117,Chicago Bulls
23-12-2022,Indiana Pacers,111,Miami Heat,108,Indiana Pacers
23-12-2022,Dallas Mavericks,112,Houston Rockets,106,Dallas Mavericks
23-12-2022,New Orleans Pelicans,128,Oklahoma City Thunder,125,New Orleans Pelicans
23-12-2022,Portland Trail Blazers,107,Denver Nuggets,120,Denver Nuggets
23-12-2022,Memphis Grizzlies,125,Phoenix Suns,100,Memphis Grizzlies
23-12-2022,Washington Wizards,125,Sacramento Kings,111,Washington Wizards
23-12-2022,Charlotte Hornets,134,Los Angeles Lakers,130,Charlotte Hornets
25-12-2022,Philadelphia 76ers,119,New York Knicks,112,Philadelphia 76ers
25-12-2022,Los Angeles Lakers,115,Dallas Mavericks,124,Dallas Mavericks
25-12-2022,Milwaukee Bucks,118,Boston Celtics,139,Boston Celtics
25-12-2022,Memphis Grizzlies,109,Golden State Warriors,123,Golden State Warriors
25-12-2022,Phoenix Suns,125,Denver Nuggets,128,Denver Nuggets
26-12-2022,Brooklyn Nets,125,Cleveland Cavaliers,117,Brooklyn Nets
26-12-2022,Los Angeles Clippers,142,Detroit Pistons,131,Los Angeles Clippers
26-12-2022,Minnesota Timberwolves,110,Miami Heat,113,Miami Heat
26-12-2022,Houston Rockets,133,Chicago Bulls,118,Houston Rockets
26-12-2022,Indiana Pacers,93,New Orleans Pelicans,113,New Orleans Pelicans
26-12-2022,Utah Jazz,122,San Antonio Spurs,126,San Antonio Spurs
26-12-2022,Charlotte Hornets,113,Portland Trail Blazers,124,Portland Trail Blazers
27-12-2022,Los Angeles Lakers,129,Orlando Magic,110,Los Angeles Lakers
27-12-2022,Philadelphia 76ers,111,Washington Wizards,116,Washington Wizards
27-12-2022,Houston Rockets,102,Boston Celtics,126,Boston Celtics
27-12-2022,Atlanta Hawks,114,Indiana Pacers,129,Indiana Pacers
27-12-2022,Los Angeles Clippers,124,Toronto Raptors,113,Los Angeles Clippers
27-12-2022,Phoenix Suns,125,Memphis Grizzlies,108,Phoenix Suns
27-12-2022,San Antonio Spurs,114,Oklahoma City Thunder,130,Oklahoma City Thunder
27-12-2022,New York Knicks,121,Dallas Mavericks,126,Dallas Mavericks
27-12-2022,Charlotte Hornets,105,Golden State Warriors,110,Golden State Warriors
27-12-2022,Denver Nuggets,113,Sacramento Kings,106,Denver Nuggets
28-12-2022,Orlando Magic,101,Detroit Pistons,121,Detroit Pistons
28-12-2022,Phoenix Suns,102,Washington Wizards,127,Washington Wizards
28-12-2022,Brooklyn Nets,108,Atlanta Hawks,107,Brooklyn Nets
28-12-2022,Los Angeles Lakers,98,Miami Heat,112,Miami Heat
28-12-2022,Milwaukee Bucks,113,Chicago Bulls,119,Chicago Bulls
28-12-2022,Minnesota Timberwolves,118,New Orleans Pelicans,119,New Orleans Pelicans
28-12-2022,Utah Jazz,107,Golden State Warriors,112,Golden State Warriors
28-12-2022,Denver Nuggets,126,Sacramento Kings,127,Sacramento Kings
29-12-2022,Oklahoma City Thunder,113,Charlotte Hornets,121,Charlotte Hornets
29-12-2022,Cleveland Cavaliers,126,Indiana Pacers,135,Indiana Pacers
29-12-2022,Los Angeles Clippers,110,Boston Celtics,116,Boston Celtics
29-12-2022,Memphis Grizzlies,119,Toronto Raptors,106,Memphis Grizzlies
29-12-2022,New York Knicks,115,San Antonio Spurs,122,San Antonio Spurs
29-12-2022,Houston Rockets,114,Dallas Mavericks,129,Dallas Mavericks
30-12-2022,Washington Wizards,119,Orlando Magic,100,Washington Wizards
30-12-2022,Los Angeles Lakers,130,Atlanta Hawks,121,Los Angeles Lakers
30-12-2022,Phoenix Suns,104,Toronto Raptors,113,Toronto Raptors
30-12-2022,Detroit Pistons,118,Chicago Bulls,132,Chicago Bulls
30-12-2022,Minnesota Timberwolves,114,Milwaukee Bucks,123,Milwaukee Bucks
30-12-2022,Philadelphia 76ers,116,New Orleans Pelicans,127,New Orleans Pelicans
30-12-2022,Miami Heat,119,Denver Nuggets,124,Denver Nuggets
30-12-2022,Portland Trail Blazers,112,Golden State Warriors,118,Golden State Warriors
30-12-2022,Utah Jazz,125,Sacramento Kings,126,Sacramento Kings
31-12-2022,Los Angeles Clippers,130,Indiana Pacers,131,Indiana Pacers
31-12-2022,Brooklyn Nets,123,Charlotte Hornets,106,Brooklyn Nets
31-12-2022,Cleveland Cavaliers,103,Chicago Bulls,102,Cleveland Cavaliers
31-12-2022,New York Knicks,108,Houston Rockets,88,New York Knicks
31-12-2022,Dallas Mavericks,126,San Antonio Spurs,125,Dallas Mavericks
31-12-2022,New Orleans Pelicans,101,Memphis Grizzlies,116,Memphis Grizzlies
31-12-2022,Detroit Pistons,116,Minnesota Timberwolves,104,Detroit Pistons
31-12-2022,Philadelphia 76ers,115,Oklahoma City Thunder,96,Philadelphia 76ers
31-12-2022,Miami Heat,126,Utah Jazz,123,Miami Heat
01-01-2023,Sacramento Kings,108,Memphis Grizzlies,118,Memphis Grizzlies
01-01-2023,Washington Wizards,118,Milwaukee Bucks,95,Washington Wizards
01-01-2023,Boston Celtics,111,Denver Nuggets,123,Denver Nuggets
02-01-2023,Phoenix Suns,83,New York Knicks,102,New York Knicks
02-01-2023,Los Angeles Lakers,121,Charlotte Hornets,115,Los Angeles Lakers
02-01-2023,Chicago Bulls,134,Cleveland Cavaliers,145,Cleveland Cavaliers
02-01-2023,Toronto Raptors,114,Indiana Pacers,122,Indiana Pacers
02-01-2023,New Orleans Pelicans,111,Philadelphia 76ers,120,Philadelphia 76ers
02-01-2023,San Antonio Spurs,103,Brooklyn Nets,139,Brooklyn Nets
02-01-2023,Dallas Mavericks,111,Houston Rockets,106,Dallas Mavericks
02-01-2023,Denver Nuggets,111,Minnesota Timberwolves,124,Minnesota Timberwolves
02-01-2023,Atlanta Hawks,141,Golden State Warriors,143,Golden State Warriors
02-01-2023,Detroit Pistons,106,Portland Trail Blazers,135,Portland Trail Blazers
02-01-2023,Miami Heat,110,Los Angeles Clippers,100,Miami Heat
03-01-2023,Washington Wizards,113,Milwaukee Bucks,123,Milwaukee Bucks
03-01-2023,Boston Celtics,117,Oklahoma City Thunder,150,Oklahoma City Thunder
03-01-2023,Sacramento Kings,117,Utah Jazz,115,Sacramento Kings
04-01-2023,Memphis Grizzlies,131,Charlotte Hornets,107,Memphis Grizzlies
04-01-2023,Phoenix Suns,88,Cleveland Cavaliers,90,Cleveland Cavaliers
04-01-2023,Oklahoma City Thunder,115,Orlando Magic,126,Orlando Magic
04-01-2023,Indiana Pacers,126,Philadelphia 76ers,129,Philadelphia 76ers
04-01-2023,San Antonio Spurs,114,New York Knicks,117,New York Knicks
04-01-2023,Milwaukee Bucks,104,Toronto Raptors,101,Milwaukee Bucks
04-01-2023,Brooklyn Nets,112,Chicago Bulls,121,Chicago Bulls
04-01-2023,Portland Trail Blazers,106,Minnesota Timberwolves,113,Minnesota Timberwolves
04-01-2023,Houston Rockets,108,New Orleans Pelicans,119,New Orleans Pelicans
04-01-2023,Detroit Pistons,122,Golden State Warriors,119,Detroit Pistons
04-01-2023,Miami Heat,109,Los Angeles Lakers,112,Los Angeles Lakers
04-01-2023,Atlanta Hawks,120,Sacramento Kings,117,Atlanta Hawks
05-01-2023,Memphis Grizzlies,123,Orlando Magic,115,Memphis Grizzlies
05-01-2023,Boston Celtics,124,Dallas Mavericks,95,Boston Celtics
05-01-2023,Utah Jazz,131,Houston Rockets,114,Utah Jazz
05-01-2023,Los Angeles Clippers,91,Denver Nuggets,122,Denver Nuggets
06-01-2023,Portland Trail Blazers,99,Indiana Pacers,108,Indiana Pacers
06-01-2023,Chicago Bulls,126,Philadelphia 76ers,112,Chicago Bulls
06-01-2023,New York Knicks,112,Toronto Raptors,108,New York Knicks
06-01-2023,Charlotte Hornets,138,Milwaukee Bucks,109,Charlotte Hornets
06-01-2023,Washington Wizards,110,Oklahoma City Thunder,127,Oklahoma City Thunder
06-01-2023,Detroit Pistons,109,San Antonio Spurs,121,San Antonio Spurs
06-01-2023,Brooklyn Nets,108,New Orleans Pelicans,102,Brooklyn Nets
06-01-2023,Los Angeles Clippers,115,Minnesota Timberwolves,128,Minnesota Timberwolves
06-01-2023,Cleveland Cavaliers,108,Denver Nuggets,121,Denver Nuggets
06-01-2023,Miami Heat,104,Phoenix Suns,96,Miami Heat
06-01-2023,Atlanta Hawks,114,Los Angeles Lakers,130,Los Angeles Lakers
07-01-2023,Boston Celtics,121,San Antonio Spurs,116,Boston Celtics
07-01-2023,Utah Jazz,118,Chicago Bulls,126,Chicago Bulls
07-01-2023,New Orleans Pelicans,117,Dallas Mavericks,127,Dallas Mavericks
07-01-2023,Orlando Magic,115,Golden State Warriors,101,Orlando Magic
07-01-2023,Los Angeles Lakers,136,Sacramento Kings,134,Los Angeles Lakers
08-01-2023,Philadelphia 76ers,123,Detroit Pistons,111,Philadelphia 76ers
08-01-2023,Portland Trail Blazers,105,Toronto Raptors,117,Toronto Raptors
08-01-2023,Charlotte Hornets,111,Indiana Pacers,116,Indiana Pacers
08-01-2023,Brooklyn Nets,102,Miami Heat,101,Brooklyn Nets
08-01-2023,Utah Jazz,118,Memphis Grizzlies,123,Memphis Grizzlies
08-01-2023,Minnesota Timberwolves,104,Houston Rockets,96,Minnesota Timberwolves
08-01-2023,Dallas Mavericks,109,Oklahoma City Thunder,120,Oklahoma City Thunder
08-01-2023,Cleveland Cavaliers,112,Phoenix Suns,98,Cleveland Cavaliers
08-01-2023,Atlanta Hawks,112,Los Angeles Clippers,108,Atlanta Hawks
09-01-2023,New Orleans Pelicans,132,Washington Wizards,112,New Orleans Pelicans
09-01-2023,Chicago Bulls,99,Boston Celtics,107,Boston Celtics
09-01-2023,Milwaukee Bucks,111,New York Knicks,107,Milwaukee Bucks
09-01-2023,San Antonio Spurs,113,Memphis Grizzlies,121,Memphis Grizzlies
09-01-2023,Los Angeles Lakers,109,Denver Nuggets,122,Denver Nuggets
09-01-2023,Orlando Magic,111,Sacramento Kings,136,Sacramento Kings
10-01-2023,Oklahoma City Thunder,111,Miami Heat,112,Miami Heat
10-01-2023,Detroit Pistons,116,Philadelphia 76ers,147,Philadelphia 76ers
10-01-2023,Charlotte Hornets,120,Toronto Raptors,132,Toronto Raptors
10-01-2023,Cleveland Cavaliers,114,Utah Jazz,116,Utah Jazz
10-01-2023,Phoenix Suns,125,Golden State Warriors,113,Phoenix Suns
10-01-2023,Orlando Magic,109,Portland Trail Blazers,106,Orlando Magic
10-01-2023,Dallas Mavericks,101,Los Angeles Clippers,113,Los Angeles Clippers
11-01-2023,Minnesota Timberwolves,118,Detroit Pistons,135,Detroit Pistons
11-01-2023,Chicago Bulls,97,Washington Wizards,100,Washington Wizards
11-01-2023,Milwaukee Bucks,114,Atlanta Hawks,105,Milwaukee Bucks
11-01-2023,New Orleans Pelicans,114,Boston Celtics,125,Boston Celtics
11-01-2023,Indiana Pacers,113,New York Knicks,119,New York Knicks
11-01-2023,San Antonio Spurs,129,Memphis Grizzlies,135,Memphis Grizzlies
11-01-2023,Phoenix Suns,97,Denver Nuggets,126,Denver Nuggets
11-01-2023,Houston Rockets,115,Sacramento Kings,135,Sacramento Kings
12-01-2023,Oklahoma City Thunder,133,Philadelphia 76ers,114,Oklahoma City Thunder
12-01-2023,Boston Celtics,109,Brooklyn Nets,98,Boston Celtics
12-01-2023,Milwaukee Bucks,102,Miami Heat,108,Miami Heat
12-01-2023,Charlotte Hornets,114,Toronto Raptors,124,Toronto Raptors
12-01-2023,Dallas Mavericks,119,Los Angeles Lakers,115,Dallas Mavericks
12-01-2023,Cleveland Cavaliers,119,Portland Trail Blazers,113,Cleveland Cavaliers
13-01-2023,New Orleans Pelicans,116,Detroit Pistons,110,New Orleans Pelicans
13-01-2023,Atlanta Hawks,113,Indiana Pacers,111,Atlanta Hawks
13-01-2023,New York Knicks,112,Washington Wizards,108,New York Knicks
13-01-2023,Golden State Warriors,144,San Antonio Spurs,113,Golden State Warriors
13-01-2023,Oklahoma City Thunder,124,Chicago Bulls,110,Oklahoma City Thunder
13-01-2023,Phoenix Suns,116,Minnesota Timberwolves,121,Minnesota Timberwolves
13-01-2023,Orlando Magic,108,Utah Jazz,112,Utah Jazz
13-01-2023,Denver Nuggets,115,Los Angeles Clippers,103,Denver Nuggets
13-01-2023,Houston Rockets,114,Sacramento Kings,139,Sacramento Kings
14-01-2023,Milwaukee Bucks,95,Miami Heat,111,Miami Heat
14-01-2023,Boston Celtics,122,Charlotte Hornets,106,Boston Celtics
14-01-2023,Memphis Grizzlies,130,Indiana Pacers,112,Memphis Grizzlies
14-01-2023,Atlanta Hawks,114,Toronto Raptors,103,Atlanta Hawks
14-01-2023,Cleveland Cavaliers,102,Minnesota Timberwolves,110,Minnesota Timberwolves
14-01-2023,Philadelphia 76ers,118,Utah Jazz,117,Philadelphia 76ers
14-01-2023,Dallas Mavericks,119,Portland Trail Blazers,136,Portland Trail Blazers
15-01-2023,New York Knicks,117,Detroit Pistons,104,New York Knicks
15-01-2023,Houston Rockets,100,Los Angeles Clippers,121,Los Angeles Clippers
15-01-2023,Golden State Warriors,118,Chicago Bulls,132,Chicago Bulls
15-01-2023,Oklahoma City Thunder,112,Brooklyn Nets,102,Oklahoma City Thunder
15-01-2023,Sacramento Kings,132,San Antonio Spurs,119,Sacramento Kings
15-01-2023,Orlando Magic,116,Denver Nuggets,119,Denver Nuggets
15-01-2023,Dallas Mavericks,123,Portland Trail Blazers,140,Portland Trail Blazers
15-01-2023,Philadelphia 76ers,113,Los Angeles Lakers,112,Philadelphia 76ers
16-01-2023,Boston Celtics,130,Charlotte Hornets,118,Boston Celtics
16-01-2023,Indiana Pacers,119,Milwaukee Bucks,132,Milwaukee Bucks
16-01-2023,New Orleans Pelicans,103,Cleveland Cavaliers,113,Cleveland Cavaliers
16-01-2023,Toronto Raptors,123,New York Knicks,121,Toronto Raptors
16-01-2023,Golden State Warriors,127,Washington Wizards,118,Golden State Warriors
16-01-2023,Miami Heat,113,Atlanta Hawks,121,Atlanta Hawks
16-01-2023,Utah Jazz,126,Minnesota Timberwolves,125,Utah Jazz
16-01-2023,Phoenix Suns,106,Memphis Grizzlies,136,Memphis Grizzlies
16-01-2023,Houston Rockets,132,Los Angeles Lakers,140,Los Angeles Lakers
17-01-2023,Toronto Raptors,122,Milwaukee Bucks,130,Milwaukee Bucks
17-01-2023,Brooklyn Nets,98,San Antonio Spurs,106,San Antonio Spurs
17-01-2023,Portland Trail Blazers,113,Denver Nuggets,122,Denver Nuggets
17-01-2023,Philadelphia 76ers,120,Los Angeles Clippers,110,Philadelphia 76ers
18-01-2023,Washington Wizards,116,New York Knicks,105,Washington Wizards
18-01-2023,Atlanta Hawks,130,Dallas Mavericks,122,Atlanta Hawks
18-01-2023,Charlotte Hornets,122,Houston Rockets,117,Charlotte Hornets
18-01-2023,Cleveland Cavaliers,114,Memphis Grizzlies,115,Memphis Grizzlies
18-01-2023,Miami Heat,124,New Orleans Pelicans,98,Miami Heat
18-01-2023,Indiana Pacers,106,Oklahoma City Thunder,126,Oklahoma City Thunder
18-01-2023,Los Angeles Clippers,103,Utah Jazz,126,Utah Jazz
18-01-2023,Minnesota Timberwolves,118,Denver Nuggets,122,Denver Nuggets
18-01-2023,Sacramento Kings,116,Los Angeles Lakers,111,Sacramento Kings
19-01-2023,Chicago Bulls,126,Detroit Pistons,108,Chicago Bulls
19-01-2023,Golden State Warriors,118,Boston Celtics,121,Boston Celtics
19-01-2023,Toronto Raptors,126,Minnesota Timberwolves,128,Minnesota Timberwolves
19-01-2023,Brooklyn Nets,112,Phoenix Suns,117,Phoenix Suns
19-01-2023,Philadelphia 76ers,105,Portland Trail Blazers,95,Philadelphia 76ers
20-01-2023,New Orleans Pelicans,110,Orlando Magic,123,Orlando Magic
20-01-2023,New York Knicks,124,Atlanta Hawks,139,Atlanta Hawks
20-01-2023,Golden State Warriors,120,Cleveland Cavaliers,114,Golden State Warriors
20-01-2023,Miami Heat,90,Dallas Mavericks,115,Dallas Mavericks
20-01-2023,Los Angeles Clippers,131,San Antonio Spurs,126,Los Angeles Clippers
20-01-2023,Indiana Pacers,111,Denver Nuggets,134,Denver Nuggets
20-01-2023,Brooklyn Nets,117,Utah Jazz,106,Brooklyn Nets
20-01-2023,Memphis Grizzlies,121,Los Angeles Lakers,122,Los Angeles Lakers
20-01-2023,Oklahoma City Thunder,113,Sacramento Kings,118,Sacramento Kings
21-01-2023,Boston Celtics,106,Toronto Raptors,104,Boston Celtics
21-01-2023,Orlando Magic,118,Washington Wizards,138,Washington Wizards
21-01-2023,Charlotte Hornets,122,Atlanta Hawks,118,Charlotte Hornets
21-01-2023,Milwaukee Bucks,102,Cleveland Cavaliers,114,Cleveland Cavaliers
21-01-2023,Houston Rockets,104,Minnesota Timberwolves,113,Minnesota Timberwolves
21-01-2023,Indiana Pacers,107,Phoenix Suns,112,Phoenix Suns
21-01-2023,Philadelphia 76ers,129,Sacramento Kings,127,Philadelphia 76ers
22-01-2023,New Orleans Pelicans,96,Miami Heat,100,Miami Heat
22-01-2023,New York Knicks,116,Toronto Raptors,125,Toronto Raptors
22-01-2023,Los Angeles Clippers,112,Dallas Mavericks,98,Los Angeles Clippers
22-01-2023,Oklahoma City Thunder,101,Denver Nuggets,99,Oklahoma City Thunder
22-01-2023,Memphis Grizzlies,110,Phoenix Suns,112,Phoenix Suns
22-01-2023,Brooklyn Nets,120,Golden State Warriors,116,Brooklyn Nets
22-01-2023,Los Angeles Lakers,121,Portland Trail Blazers,112,Los Angeles Lakers
23-01-2023,Milwaukee Bucks,150,Detroit Pistons,130,Milwaukee Bucks
23-01-2023,Boston Celtics,98,Orlando Magic,113,Orlando Magic
23-01-2023,Atlanta Hawks,100,Chicago Bulls,111,Chicago Bulls
23-01-2023,Minnesota Timberwolves,114,Houston Rockets,119,Houston Rockets
23-01-2023,Charlotte Hornets,102,Utah Jazz,120,Utah Jazz
23-01-2023,San Antonio Spurs,127,Portland Trail Blazers,147,Portland Trail Blazers
23-01-2023,Memphis Grizzlies,100,Sacramento Kings,133,Sacramento Kings
24-01-2023,Chicago Bulls,110,Indiana Pacers,116,Indiana Pacers
24-01-2023,Boston Celtics,95,Miami Heat,98,Miami Heat
24-01-2023,Cleveland Cavaliers,103,New York Knicks,105,New York Knicks
24-01-2023,Denver Nuggets,99,New Orleans Pelicans,98,Denver Nuggets
24-01-2023,Washington Wizards,127,Dallas Mavericks,126,Washington Wizards
24-01-2023,Charlotte Hornets,97,Phoenix Suns,128,Phoenix Suns
24-01-2023,Los Angeles Clippers,133,Los Angeles Lakers,115,Los Angeles Clippers
25-01-2023,Indiana Pacers,120,Orlando Magic,126,Orlando Magic
25-01-2023,Brooklyn Nets,133,Philadelphia 76ers,137,Philadelphia 76ers
25-01-2023,Washington Wizards,108,Houston Rockets,103,Washington Wizards
25-01-2023,Denver Nuggets,99,Milwaukee Bucks,107,Milwaukee Bucks
25-01-2023,Minnesota Timberwolves,111,New Orleans Pelicans,102,Minnesota Timberwolves
25-01-2023,Atlanta Hawks,137,Oklahoma City Thunder,132,Atlanta Hawks
25-01-2023,Memphis Grizzlies,120,Golden State Warriors,122,Golden State Warriors
25-01-2023,Utah Jazz,124,Portland Trail Blazers,134,Portland Trail Blazers
25-01-2023,Toronto Raptors,113,Sacramento Kings,95,Toronto Raptors
25-01-2023,San Antonio Spurs,104,Los Angeles Lakers,113,Los Angeles Lakers
26-01-2023,New York Knicks,120,Boston Celtics,117,New York Knicks
26-01-2023,Detroit Pistons,130,Brooklyn Nets,122,Detroit Pistons
26-01-2023,Chicago Bulls,96,Charlotte Hornets,111,Charlotte Hornets
26-01-2023,Cleveland Cavaliers,113,Houston Rockets,95,Cleveland Cavaliers
26-01-2023,Dallas Mavericks,99,Phoenix Suns,95,Dallas Mavericks
26-01-2023,San Antonio Spurs,100,Los Angeles Clippers,138,Los Angeles Clippers
27-01-2023,Milwaukee Bucks,0,Indiana Pacers,0,0
27-01-2023,Memphis Grizzlies,0,Minnesota Timberwolves,0,0
27-01-2023,Orlando Magic,0,Miami Heat,0,0
27-01-2023,Cleveland Cavaliers,0,Oklahoma City Thunder,0,0
27-01-2023,Toronto Raptors,0,Golden State Warriors,0,0
28-01-2023,Denver Nuggets,0,Philadelphia 76ers,0,0
28-01-2023,New York Knicks,0,Brooklyn Nets,0,0
28-01-2023,Houston Rockets,0,Detroit Pistons,0,0
28-01-2023,Chicago Bulls,0,Orlando Magic,0,0
28-01-2023,Los Angeles Clippers,0,Atlanta Hawks,0,0
28-01-2023,Sacramento Kings,0,Minnesota Timberwolves,0,0
28-01-2023,Washington Wizards,0,New Orleans Pelicans,0,0
28-01-2023,Phoenix Suns,0,San Antonio Spurs,0,0
28-01-2023,Los Angeles Lakers,0,Boston Celtics,0,0
28-01-2023,Dallas Mavericks,0,Utah Jazz,0,0
28-01-2023,Toronto Raptors,0,Portland Trail Blazers,0,0
29-01-2023,Miami Heat,0,Charlotte Hornets,0,0
29-01-2023,Indiana Pacers,0,Memphis Grizzlies,0,0
29-01-2023,Los Angeles Clippers,0,Cleveland Cavaliers,0,0
29-01-2023,New Orleans Pelicans,0,Milwaukee Bucks,0,0
30-01-2023,Orlando Magic,0,Philadelphia 76ers,0,0
30-01-2023,Los Angeles Lakers,0,Brooklyn Nets,0,0
30-01-2023,Sacramento Kings,0,Minnesota Timberwolves,0,0
30-01-2023,Golden State Warriors,0,Oklahoma City Thunder,0,0
30-01-2023,Washington Wizards,0,San Antonio Spurs,0,0
30-01-2023,Detroit Pistons,0,Dallas Mavericks,0,0
30-01-2023,Toronto Raptors,0,Phoenix Suns,0,0
30-01-2023,Atlanta Hawks,0,Portland Trail Blazers,0,0
31-01-2023,Miami Heat,0,Cleveland Cavaliers,0,0
31-01-2023,Los Angeles Lakers,0,New York Knicks,0,0
31-01-2023,Los Angeles Clippers,0,Chicago Bulls,0,0
31-01-2023,Charlotte Hornets,0,Milwaukee Bucks,0,0
31-01-2023,New Orleans Pelicans,0,Denver Nuggets,0,0
01-02-2023,Washington Wizards,0,Detroit Pistons,0,0
01-02-2023,Orlando Magic,0,Philadelphia 76ers,0,0
01-02-2023,Portland Trail Blazers,0,Memphis Grizzlies,0,0
01-02-2023,Brooklyn Nets,0,Boston Celtics,0,0
01-02-2023,Oklahoma City Thunder,0,Houston Rockets,0,0
01-02-2023,Golden State Warriors,0,Minnesota Timberwolves,0,0
01-02-2023,Sacramento Kings,0,San Antonio Spurs,0,0
01-02-2023,Toronto Raptors,0,Utah Jazz,0,0
01-02-2023,Atlanta Hawks,0,Phoenix Suns,0,0
02-02-2023,Los Angeles Lakers,0,Indiana Pacers,0,0
02-02-2023,Memphis Grizzlies,0,Cleveland Cavaliers,0,0
02-02-2023,Miami Heat,0,New York Knicks,0,0
02-02-2023,Charlotte Hornets,0,Chicago Bulls,0,0
02-02-2023,New Orleans Pelicans,0,Dallas Mavericks,0,0
02-02-2023,Golden State Warriors,0,Denver Nuggets,0,0
02-02-2023,Los Angeles Clippers,0,Milwaukee Bucks,0,0
03-02-2023,Charlotte Hornets,0,Detroit Pistons,0,0
03-02-2023,Sacramento Kings,0,Indiana Pacers,0,0
03-02-2023,Portland Trail Blazers,0,Washington Wizards,0,0
03-02-2023,Phoenix Suns,0,Boston Celtics,0,0
03-02-2023,Toronto Raptors,0,Houston Rockets,0,0
03-02-2023,Orlando Magic,0,Minnesota Timberwolves,0,0
03-02-2023,Philadelphia 76ers,0,San Antonio Spurs,0,0
03-02-2023,Atlanta Hawks,0,Utah Jazz,0,0
04-02-2023,Washington Wizards,0,Brooklyn Nets,0,0
04-02-2023,Phoenix Suns,0,Detroit Pistons,0,0
04-02-2023,Los Angeles Clippers,0,New York Knicks,0,0
04-02-2023,Portland Trail Blazers,0,Chicago Bulls,0,0
04-02-2023,Miami Heat,0,Milwaukee Bucks,0,0
04-02-2023,Los Angeles Lakers,0,New Orleans Pelicans,0,0
04-02-2023,Houston Rockets,0,Oklahoma City Thunder,0,0
04-02-2023,Dallas Mavericks,0,Golden State Warriors,0,0
04-02-2023,Atlanta Hawks,0,Denver Nuggets,0,0
05-02-2023,Orlando Magic,0,Charlotte Hornets,0,0
05-02-2023,Cleveland Cavaliers,0,Indiana Pacers,0,0
05-02-2023,Philadelphia 76ers,0,New York Knicks,0,0
05-02-2023,Toronto Raptors,0,Memphis Grizzlies,0,0
05-02-2023,Denver Nuggets,0,Minnesota Timberwolves,0,0
05-02-2023,Sacramento Kings,0,New Orleans Pelicans,0,0
06-02-2023,Boston Celtics,0,Detroit Pistons,0,0
06-02-2023,Cleveland Cavaliers,0,Washington Wizards,0,0
06-02-2023,Los Angeles Clippers,0,Brooklyn Nets,0,0
06-02-2023,San Antonio Spurs,0,Chicago Bulls,0,0
06-02-2023,Sacramento Kings,0,Houston Rockets,0,0
06-02-2023,Dallas Mavericks,0,Utah Jazz,0,0
06-02-2023,Oklahoma City Thunder,0,Golden State Warriors,0,0
06-02-2023,Milwaukee Bucks,0,Portland Trail Blazers,0,0
07-02-2023,New York Knicks,0,Orlando Magic,0,0
07-02-2023,Phoenix Suns,0,Brooklyn Nets,0,0
07-02-2023,Atlanta Hawks,0,New Orleans Pelicans,0,0
07-02-2023,Chicago Bulls,0,Memphis Grizzlies,0,0
07-02-2023,Minnesota Timberwolves,0,Denver Nuggets,0,0
07-02-2023,Oklahoma City Thunder,0,Los Angeles Lakers,0,0
08-02-2023,Detroit Pistons,0,Cleveland Cavaliers,0,0
08-02-2023,Charlotte Hornets,0,Washington Wizards,0,0
08-02-2023,Philadelphia 76ers,0,Boston Celtics,0,0
08-02-2023,Indiana Pacers,0,Miami Heat,0,0
08-02-2023,San Antonio Spurs,0,Toronto Raptors,0,0
08-02-2023,Sacramento Kings,0,Houston Rockets,0,0
08-02-2023,Minnesota Timberwolves,0,Utah Jazz,0,0
08-02-2023,Dallas Mavericks,0,Los Angeles Clippers,0,0
08-02-2023,Golden State Warriors,0,Portland Trail Blazers,0,0
09-02-2023,Denver Nuggets,0,Orlando Magic,0,0
09-02-2023,Phoenix Suns,0,Atlanta Hawks,0,0
09-02-2023,Chicago Bulls,0,Brooklyn Nets,0,0
09-02-2023,Milwaukee Bucks,0,Los Angeles Lakers,0,0
10-02-2023,San Antonio Spurs,0,Detroit Pistons,0,0
10-02-2023,Phoenix Suns,0,Indiana Pacers,0,0
10-02-2023,New York Knicks,0,Philadelphia 76ers,0,0
10-02-2023,Charlotte Hornets,0,Boston Celtics,0,0
10-02-2023,Utah Jazz,0,Toronto Raptors,0,0
10-02-2023,Houston Rockets,0,Miami Heat,0,0
10-02-2023,Minnesota Timberwolves,0,Memphis Grizzlies,0,0
10-02-2023,Cleveland Cavaliers,0,New Orleans Pelicans,0,0
10-02-2023,Oklahoma City Thunder,0,Portland Trail Blazers,0,0
10-02-2023,Dallas Mavericks,0,Sacramento Kings,0,0
10-02-2023,Milwaukee Bucks,0,Los Angeles Clippers,0,0
11-02-2023,Philadelphia 76ers,0,Brooklyn Nets,0,0
11-02-2023,Denver Nuggets,0,Charlotte Hornets,0,0
11-02-2023,Miami Heat,0,Orlando Magic,0,0
11-02-2023,Indiana Pacers,0,Washington Wizards,0,0
11-02-2023,San Antonio Spurs,0,Atlanta Hawks,0,0
11-02-2023,Utah Jazz,0,New York Knicks,0,0
11-02-2023,Chicago Bulls,0,Cleveland Cavaliers,0,0
11-02-2023,Los Angeles Lakers,0,Golden State Warriors,0,0
11-02-2023,Dallas Mavericks,0,Sacramento Kings,0,0
12-02-2023,Memphis Grizzlies,0,Boston Celtics,0,0
12-02-2023,Detroit Pistons,0,Toronto Raptors,0,0
13-02-2023,Atlanta Hawks,0,Charlotte Hornets,0,0
13-02-2023,San Antonio Spurs,0,Cleveland Cavaliers,0,0
13-02-2023,Utah Jazz,0,Indiana Pacers,0,0
13-02-2023,Houston Rockets,0,Philadelphia 76ers,0,0
13-02-2023,Denver Nuggets,0,Miami Heat,0,0
13-02-2023,Brooklyn Nets,0,New York Knicks,0,0
13-02-2023,Orlando Magic,0,Chicago Bulls,0,0
13-02-2023,New Orleans Pelicans,0,Oklahoma City Thunder,0,0
13-02-2023,Minnesota Timberwolves,0,Dallas Mavericks,0,0
13-02-2023,Washington Wizards,0,Golden State Warriors,0,0
13-02-2023,Los Angeles Lakers,0,Portland Trail Blazers,0,0
14-02-2023,Orlando Magic,0,Toronto Raptors,0,0
14-02-2023,Boston Celtics,0,Milwaukee Bucks,0,0
14-02-2023,Sacramento Kings,0,Phoenix Suns,0,0
14-02-2023,Golden State Warriors,0,Los Angeles Clippers,0,0
14-02-2023,Washington Wizards,0,Portland Trail Blazers,0,0
15-02-2023,San Antonio Spurs,0,Charlotte Hornets,0,0
15-02-2023,Chicago Bulls,0,Indiana Pacers,0,0
15-02-2023,Cleveland Cavaliers,0,Philadelphia 76ers,0,0
15-02-2023,New York Knicks,0,Atlanta Hawks,0,0
15-02-2023,Detroit Pistons,0,Boston Celtics,0,0
15-02-2023,Miami Heat,0,Brooklyn Nets,0,0
15-02-2023,Utah Jazz,0,Memphis Grizzlies,0,0
15-02-2023,Houston Rockets,0,Oklahoma City Thunder,0,0
15-02-2023,Dallas Mavericks,0,Denver Nuggets,0,0
15-02-2023,New Orleans Pelicans,0,Los Angeles Lakers,0,0
16-02-2023,Milwaukee Bucks,0,Chicago Bulls,0,0
16-02-2023,Washington Wizards,0,Minnesota Timberwolves,0,0
16-02-2023,Los Angeles Clippers,0,Phoenix Suns,0,0
17-02-2023, ,0, ,0,0
17-02-2023, ,0, ,0,0
17-02-2023, ,0, ,0,0
19-02-2023,Team Giannis,0,Team LeBron,0,0
23-02-2023,Denver Nuggets,0,Cleveland Cavaliers,0,0
23-02-2023,Boston Celtics,0,Indiana Pacers,0,0
23-02-2023,Detroit Pistons,0,Orlando Magic,0,0
23-02-2023,Memphis Grizzlies,0,Philadelphia 76ers,0,0
23-02-2023,New Orleans Pelicans,0,Toronto Raptors,0,0
23-02-2023,San Antonio Spurs,0,Dallas Mavericks,0,0
23-02-2023,Oklahoma City Thunder,0,Utah Jazz,0,0
23-02-2023,Golden State Warriors,0,Los Angeles Lakers,0,0
23-02-2023,Portland Trail Blazers,0,Sacramento Kings,0,0
24-02-2023,New York Knicks,0,Washington Wizards,0,0
24-02-2023,Cleveland Cavaliers,0,Atlanta Hawks,0,0
24-02-2023,Miami Heat,0,Milwaukee Bucks,0,0
24-02-2023,Charlotte Hornets,0,Minnesota Timberwolves,0,0
24-02-2023,Oklahoma City Thunder,0,Phoenix Suns,0,0
24-02-2023,Brooklyn Nets,0,Chicago Bulls,0,0
24-02-2023,Houston Rockets,0,Golden State Warriors,0,0
24-02-2023,Sacramento Kings,0,Los Angeles Clippers,0,0
25-02-2023,Toronto Raptors,0,Detroit Pistons,0,0
25-02-2023,Miami Heat,0,Charlotte Hornets,0,0
25-02-2023,Indiana Pacers,0,Orlando Magic,0,0
25-02-2023,New Orleans Pelicans,0,New York Knicks,0,0
25-02-2023,Denver Nuggets,0,Memphis Grizzlies,0,0
25-02-2023,Boston Celtics,0,Philadelphia 76ers,0,0
25-02-2023,San Antonio Spurs,0,Utah Jazz,0,0
26-02-2023,Phoenix Suns,0,Milwaukee Bucks,0,0
26-02-2023,Brooklyn Nets,0,Atlanta Hawks,0,0
26-02-2023,Washington Wizards,0,Chicago Bulls,0,0
26-02-2023,Los Angeles Lakers,0,Dallas Mavericks,0,0
26-02-2023,Toronto Raptors,0,Cleveland Cavaliers,0,0
26-02-2023,Sacramento Kings,0,Oklahoma City Thunder,0,0
26-02-2023,Minnesota Timberwolves,0,Golden State Warriors,0,0
26-02-2023,Houston Rockets,0,Portland Trail Blazers,0,0
26-02-2023,Los Angeles Clippers,0,Denver Nuggets,0,0
27-02-2023,Detroit Pistons,0,Charlotte Hornets,0,0
27-02-2023,Miami Heat,0,Philadelphia 76ers,0,0
27-02-2023,Boston Celtics,0,New York Knicks,0,0
27-02-2023,Orlando Magic,0,New Orleans Pelicans,0,0
28-02-2023,Washington Wizards,0,Atlanta Hawks,0,0
28-02-2023,Milwaukee Bucks,0,Brooklyn Nets,0,0
28-02-2023,Chicago Bulls,0,Toronto Raptors,0,0
28-02-2023,Denver Nuggets,0,Houston Rockets,0,0
28-02-2023,Los Angeles Lakers,0,Memphis Grizzlies,0,0
28-02-2023,Sacramento Kings,0,Oklahoma City Thunder,0,0
28-02-2023,Indiana Pacers,0,Dallas Mavericks,0,0
28-02-2023,San Antonio Spurs,0,Utah Jazz,0,0
28-02-2023,Portland Trail Blazers,0,Golden State Warriors,0,0
28-02-2023,Minnesota Timberwolves,0,Los Angeles Clippers,0,0
01-03-2023,Phoenix Suns,0,Charlotte Hornets,0,0
01-03-2023,Chicago Bulls,0,Detroit Pistons,0,0
01-03-2023,Cleveland Cavaliers,0,Boston Celtics,0,0
01-03-2023,Philadelphia 76ers,0,Miami Heat,0,0
01-03-2023,Brooklyn Nets,0,New York Knicks,0,0
01-03-2023,Memphis Grizzlies,0,Houston Rockets,0,0
01-03-2023,Orlando Magic,0,Milwaukee Bucks,0,0
01-03-2023,Los Angeles Lakers,0,Oklahoma City Thunder,0,0
01-03-2023,New Orleans Pelicans,0,Portland Trail Blazers,0,0
02-03-2023,Toronto Raptors,0,Washington Wizards,0,0
02-03-2023,Philadelphia 76ers,0,Dallas Mavericks,0,0
02-03-2023,Indiana Pacers,0,San Antonio Spurs,0,0
02-03-2023,Los Angeles Clippers,0,Golden State Warriors,0,0
03-03-2023,Orlando Magic,0,Charlotte Hornets,0,0
03-03-2023,Portland Trail Blazers,0,Atlanta Hawks,0,0
03-03-2023,Brooklyn Nets,0,Boston Celtics,0,0
03-03-2023,New York Knicks,0,Miami Heat,0,0
03-03-2023,Phoenix Suns,0,Chicago Bulls,0,0
03-03-2023,Utah Jazz,0,Oklahoma City Thunder,0,0
03-03-2023,Memphis Grizzlies,0,Denver Nuggets,0,0
03-03-2023,New Orleans Pelicans,0,Golden State Warriors,0,0
03-03-2023,Los Angeles Clippers,0,Sacramento Kings,0,0
03-03-2023,Minnesota Timberwolves,0,Los Angeles Lakers,0,0
04-03-2023,Toronto Raptors,0,Washington Wizards,0,0
04-03-2023,Detroit Pistons,0,Cleveland Cavaliers,0,0
04-03-2023,Atlanta Hawks,0,Miami Heat,0,0
04-03-2023,Houston Rockets,0,San Antonio Spurs,0,0
04-03-2023,Philadelphia 76ers,0,Milwaukee Bucks,0,0
04-03-2023,Minnesota Timberwolves,0,Sacramento Kings,0,0
05-03-2023,Phoenix Suns,0,Dallas Mavericks,0,0
05-03-2023,Indiana Pacers,0,Chicago Bulls,0,0
05-03-2023,Golden State Warriors,0,Los Angeles Lakers,0,0
05-03-2023,Charlotte Hornets,0,Brooklyn Nets,0,0
05-03-2023,Portland Trail Blazers,0,Orlando Magic,0,0
05-03-2023,San Antonio Spurs,0,Houston Rockets,0,0
05-03-2023,Utah Jazz,0,Oklahoma City Thunder,0,0
05-03-2023,New York Knicks,0,Boston Celtics,0,0
05-03-2023,Memphis Grizzlies,0,Los Angeles Clippers,0,0
06-03-2023,Boston Celtics,0,Cleveland Cavaliers,0,0
06-03-2023,Philadelphia 76ers,0,Indiana Pacers,0,0
06-03-2023,Milwaukee Bucks,0,Washington Wizards,0,0
06-03-2023,Atlanta Hawks,0,Miami Heat,0,0
06-03-2023,Toronto Raptors,0,Denver Nuggets,0,0
06-03-2023,New Orleans Pelicans,0,Sacramento Kings,0,0
07-03-2023,Portland Trail Blazers,0,Detroit Pistons,0,0
07-03-2023,Milwaukee Bucks,0,Orlando Magic,0,0
07-03-2023,Charlotte Hornets,0,New York Knicks,0,0
07-03-2023,Philadelphia 76ers,0,Minnesota Timberwolves,0,0
07-03-2023,Brooklyn Nets,0,Houston Rockets,0,0
07-03-2023,Golden State Warriors,0,Oklahoma City Thunder,0,0
07-03-2023,Utah Jazz,0,Dallas Mavericks,0,0
07-03-2023,Memphis Grizzlies,0,Los Angeles Lakers,0,0
08-03-2023,Atlanta Hawks,0,Washington Wizards,0,0
08-03-2023,Portland Trail Blazers,0,Boston Celtics,0,0
08-03-2023,Cleveland Cavaliers,0,Miami Heat,0,0
08-03-2023,Dallas Mavericks,0,New Orleans Pelicans,0,0
08-03-2023,Chicago Bulls,0,Denver Nuggets,0,0
08-03-2023,Oklahoma City Thunder,0,Phoenix Suns,0,0
08-03-2023,Toronto Raptors,0,Los Angeles Clippers,0,0
09-03-2023,Charlotte Hornets,0,Detroit Pistons,0,0
09-03-2023,Houston Rockets,0,Indiana Pacers,0,0
09-03-2023,Utah Jazz,0,Orlando Magic,0,0
09-03-2023,Brooklyn Nets,0,Milwaukee Bucks,0,0
09-03-2023,Golden State Warriors,0,Memphis Grizzlies,0,0
09-03-2023,New York Knicks,0,Sacramento Kings,0,0
10-03-2023,Portland Trail Blazers,0,Philadelphia 76ers,0,0
10-03-2023,Atlanta Hawks,0,Washington Wizards,0,0
10-03-2023,Cleveland Cavaliers,0,Miami Heat,0,0
10-03-2023,Brooklyn Nets,0,Minnesota Timberwolves,0,0
10-03-2023,Denver Nuggets,0,San Antonio Spurs,0,0
10-03-2023,Toronto Raptors,0,Los Angeles Lakers,0,0
11-03-2023,New York Knicks,0,Los Angeles Clippers,0,0
11-03-2023,Utah Jazz,0,Charlotte Hornets,0,0
11-03-2023,Indiana Pacers,0,Detroit Pistons,0,0
11-03-2023,Miami Heat,0,Orlando Magic,0,0
11-03-2023,Boston Celtics,0,Atlanta Hawks,0,0
11-03-2023,Chicago Bulls,0,Houston Rockets,0,0
11-03-2023,Dallas Mavericks,0,Memphis Grizzlies,0,0
11-03-2023,Oklahoma City Thunder,0,New Orleans Pelicans,0,0
11-03-2023,Milwaukee Bucks,0,Golden State Warriors,0,0
11-03-2023,Sacramento Kings,0,Phoenix Suns,0,0
12-03-2023,Brooklyn Nets,0,Denver Nuggets,0,0
12-03-2023,Cleveland Cavaliers,0,Charlotte Hornets,0,0
12-03-2023,Washington Wizards,0,Philadelphia 76ers,0,0
12-03-2023,Portland Trail Blazers,0,New Orleans Pelicans,0,0
12-03-2023,Oklahoma City Thunder,0,San Antonio Spurs,0,0
12-03-2023,New York Knicks,0,Los Angeles Lakers,0,0
13-03-2023,Indiana Pacers,0,Detroit Pistons,0,0
13-03-2023,Minnesota Timberwolves,0,Atlanta Hawks,0,0
13-03-2023,Utah Jazz,0,Miami Heat,0,0
13-03-2023,Memphis Grizzlies,0,Dallas Mavericks,0,0
13-03-2023,Boston Celtics,0,Houston Rockets,0,0
13-03-2023,Phoenix Suns,0,Golden State Warriors,0,0
13-03-2023,Milwaukee Bucks,0,Sacramento Kings,0,0
14-03-2023,Cleveland Cavaliers,0,Charlotte Hornets,0,0
14-03-2023,Detroit Pistons,0,Washington Wizards,0,0
14-03-2023,Denver Nuggets,0,Toronto Raptors,0,0
14-03-2023,Los Angeles Lakers,0,New Orleans Pelicans,0,0
14-03-2023,Brooklyn Nets,0,Oklahoma City Thunder,0,0
14-03-2023,Orlando Magic,0,San Antonio Spurs,0,0
14-03-2023,Milwaukee Bucks,0,Phoenix Suns,0,0
14-03-2023,New York Knicks,0,Portland Trail Blazers,0,0
15-03-2023,Philadelphia 76ers,0,Cleveland Cavaliers,0,0
15-03-2023,Memphis Grizzlies,0,Miami Heat,0,0
15-03-2023,Sacramento Kings,0,Chicago Bulls,0,0
15-03-2023,Los Angeles Lakers,0,Houston Rockets,0,0
15-03-2023,Boston Celtics,0,Minnesota Timberwolves,0,0
15-03-2023,Dallas Mavericks,0,San Antonio Spurs,0,0
15-03-2023,Golden State Warriors,0,Los Angeles Clippers,0,0
16-03-2023,Denver Nuggets,0,Detroit Pistons,0,0
16-03-2023,Sacramento Kings,0,Brooklyn Nets,0,0
16-03-2023,Oklahoma City Thunder,0,Toronto Raptors,0,0
16-03-2023,Indiana Pacers,0,Milwaukee Bucks,0,0
16-03-2023,Orlando Magic,0,Phoenix Suns,0,0
17-03-2023,Philadelphia 76ers,0,Charlotte Hornets,0,0
17-03-2023,Golden State Warriors,0,Atlanta Hawks,0,0
17-03-2023,Washington Wizards,0,Cleveland Cavaliers,0,0
17-03-2023,Minnesota Timberwolves,0,Chicago Bulls,0,0
17-03-2023,New Orleans Pelicans,0,Houston Rockets,0,0
17-03-2023,Memphis Grizzlies,0,San Antonio Spurs,0,0
17-03-2023,Boston Celtics,0,Portland Trail Blazers,0,0
17-03-2023,Dallas Mavericks,0,Los Angeles Lakers,0,0
18-03-2023,Denver Nuggets,0,New York Knicks,0,0
18-03-2023,Orlando Magic,0,Los Angeles Clippers,0,0
18-03-2023,Philadelphia 76ers,0,Indiana Pacers,0,0
18-03-2023,Minnesota Timberwolves,0,Toronto Raptors,0,0
18-03-2023,Sacramento Kings,0,Washington Wizards,0,0
18-03-2023,Miami Heat,0,Chicago Bulls,0,0
18-03-2023,Golden State Warriors,0,Memphis Grizzlies,0,0
18-03-2023,Boston Celtics,0,Utah Jazz,0,0
19-03-2023,Denver Nuggets,0,Brooklyn Nets,0,0
19-03-2023,Phoenix Suns,0,Oklahoma City Thunder,0,0
19-03-2023,Atlanta Hawks,0,San Antonio Spurs,0,0
19-03-2023,Miami Heat,0,Detroit Pistons,0,0
19-03-2023,New Orleans Pelicans,0,Houston Rockets,0,0
19-03-2023,Toronto Raptors,0,Milwaukee Bucks,0,0
19-03-2023,Los Angeles Clippers,0,Portland Trail Blazers,0,0
19-03-2023,Orlando Magic,0,Los Angeles Lakers,0,0
20-03-2023,Indiana Pacers,0,Charlotte Hornets,0,0
20-03-2023,Chicago Bulls,0,Philadelphia 76ers,0,0
20-03-2023,Minnesota Timberwolves,0,New York Knicks,0,0
20-03-2023,Golden State Warriors,0,Houston Rockets,0,0
20-03-2023,Dallas Mavericks,0,Memphis Grizzlies,0,0
20-03-2023,Sacramento Kings,0,Utah Jazz,0,0
21-03-2023,Washington Wizards,0,Orlando Magic,0,0
21-03-2023,Detroit Pistons,0,Atlanta Hawks,0,0
21-03-2023,Cleveland Cavaliers,0,Brooklyn Nets,0,0
21-03-2023,San Antonio Spurs,0,New Orleans Pelicans,0,0
21-03-2023,Boston Celtics,0,Sacramento Kings,0,0
21-03-2023,Oklahoma City Thunder,0,Los Angeles Clippers,0,0
22-03-2023,Denver Nuggets,0,Washington Wizards,0,0
22-03-2023,New York Knicks,0,Miami Heat,0,0
22-03-2023,Indiana Pacers,0,Toronto Raptors,0,0
22-03-2023,Golden State Warriors,0,Dallas Mavericks,0,0
22-03-2023,Philadelphia 76ers,0,Chicago Bulls,0,0
22-03-2023,Houston Rockets,0,Memphis Grizzlies,0,0
22-03-2023,San Antonio Spurs,0,Milwaukee Bucks,0,0
22-03-2023,Atlanta Hawks,0,Minnesota Timberwolves,0,0
22-03-2023,Portland Trail Blazers,0,Utah Jazz,0,0
22-03-2023,Phoenix Suns,0,Los Angeles Lakers,0,0
23-03-2023,New York Knicks,0,Orlando Magic,0,0
23-03-2023,Cleveland Cavaliers,0,Brooklyn Nets,0,0
23-03-2023,Charlotte Hornets,0,New Orleans Pelicans,0,0
23-03-2023,Oklahoma City Thunder,0,Los Angeles Clippers,0,0
24-03-2023,Indiana Pacers,0,Boston Celtics,0,0
24-03-2023,San Antonio Spurs,0,Washington Wizards,0,0
24-03-2023,Detroit Pistons,0,Toronto Raptors,0,0
24-03-2023,Houston Rockets,0,Memphis Grizzlies,0,0
24-03-2023,Charlotte Hornets,0,Dallas Mavericks,0,0
24-03-2023,Milwaukee Bucks,0,Utah Jazz,0,0
24-03-2023,Philadelphia 76ers,0,Golden State Warriors,0,0
24-03-2023,Chicago Bulls,0,Portland Trail Blazers,0,0
24-03-2023,Phoenix Suns,0,Sacramento Kings,0,0
24-03-2023,Oklahoma City Thunder,0,Los Angeles Lakers,0,0
25-03-2023,Indiana Pacers,0,Atlanta Hawks,0,0
25-03-2023,Brooklyn Nets,0,Miami Heat,0,0
25-03-2023,Milwaukee Bucks,0,Denver Nuggets,0,0
25-03-2023,Philadelphia 76ers,0,Phoenix Suns,0,0
25-03-2023,Utah Jazz,0,Sacramento Kings,0,0
25-03-2023,New Orleans Pelicans,0,Los Angeles Clippers,0,0
26-03-2023,Dallas Mavericks,0,Charlotte Hornets,0,0
26-03-2023,Chicago Bulls,0,Los Angeles Lakers,0,0
26-03-2023,Memphis Grizzlies,0,Atlanta Hawks,0,0
26-03-2023,San Antonio Spurs,0,Boston Celtics,0,0
26-03-2023,Houston Rockets,0,Cleveland Cavaliers,0,0
26-03-2023,Brooklyn Nets,0,Orlando Magic,0,0
26-03-2023,Washington Wizards,0,Toronto Raptors,0,0
26-03-2023,Oklahoma City Thunder,0,Portland Trail Blazers,0,0
26-03-2023,Minnesota Timberwolves,0,Golden State Warriors,0,0
27-03-2023,Milwaukee Bucks,0,Detroit Pistons,0,0
27-03-2023,Dallas Mavericks,0,Indiana Pacers,0,0
27-03-2023,Houston Rockets,0,New York Knicks,0,0
27-03-2023,Phoenix Suns,0,Utah Jazz,0,0
27-03-2023,Philadelphia 76ers,0,Denver Nuggets,0,0
27-03-2023,New Orleans Pelicans,0,Portland Trail Blazers,0,0
27-03-2023,Minnesota Timberwolves,0,Sacramento Kings,0,0
27-03-2023,Chicago Bulls,0,Los Angeles Clippers,0,0
28-03-2023,Boston Celtics,0,Washington Wizards,0,0
28-03-2023,Cleveland Cavaliers,0,Atlanta Hawks,0,0
28-03-2023,Miami Heat,0,Toronto Raptors,0,0
28-03-2023,Orlando Magic,0,Memphis Grizzlies,0,0
28-03-2023,Charlotte Hornets,0,Oklahoma City Thunder,0,0
28-03-2023,New Orleans Pelicans,0,Golden State Warriors,0,0
29-03-2023,Milwaukee Bucks,0,Indiana Pacers,0,0
29-03-2023,Houston Rockets,0,Brooklyn Nets,0,0
29-03-2023,Miami Heat,0,New York Knicks,0,0
29-03-2023,Dallas Mavericks,0,Philadelphia 76ers,0,0
29-03-2023,Los Angeles Lakers,0,Chicago Bulls,0,0
29-03-2023,Los Angeles Clippers,0,Memphis Grizzlies,0,0
29-03-2023,Detroit Pistons,0,Oklahoma City Thunder,0,0
29-03-2023,Utah Jazz,0,San Antonio Spurs,0,0
29-03-2023,Minnesota Timberwolves,0,Phoenix Suns,0,0
29-03-2023,Sacramento Kings,0,Portland Trail Blazers,0,0
30-03-2023,Boston Celtics,0,Milwaukee Bucks,0,0
30-03-2023,New Orleans Pelicans,0,Denver Nuggets,0,0
31-03-2023,Chicago Bulls,0,Charlotte Hornets,0,0
31-03-2023,Oklahoma City Thunder,0,Indiana Pacers,0,0
31-03-2023,Toronto Raptors,0,Philadelphia 76ers,0,0
31-03-2023,Orlando Magic,0,Washington Wizards,0,0
31-03-2023,Utah Jazz,0,Boston Celtics,0,0
31-03-2023,Atlanta Hawks,0,Brooklyn Nets,0,0
31-03-2023,New York Knicks,0,Cleveland Cavaliers,0,0
31-03-2023,Detroit Pistons,0,Houston Rockets,0,0
31-03-2023,Los Angeles Clippers,0,Memphis Grizzlies,0,0
31-03-2023,Los Angeles Lakers,0,Minnesota Timberwolves,0,0
31-03-2023,San Antonio Spurs,0,Golden State Warriors,0,0
31-03-2023,Sacramento Kings,0,Portland Trail Blazers,0,0
31-03-2023,Denver Nuggets,0,Phoenix Suns,0,0
01-04-2023,Dallas Mavericks,0,Miami Heat,0,0
01-04-2023,Los Angeles Clippers,0,New Orleans Pelicans,0,0
02-04-2023,Toronto Raptors,0,Charlotte Hornets,0,0
02-04-2023,Utah Jazz,0,Brooklyn Nets,0,0
02-04-2023,Memphis Grizzlies,0,Chicago Bulls,0,0
02-04-2023,Portland Trail Blazers,0,Minnesota Timberwolves,0,0
02-04-2023,Dallas Mavericks,0,Atlanta Hawks,0,0
02-04-2023,Washington Wizards,0,New York Knicks,0,0
02-04-2023,Detroit Pistons,0,Orlando Magic,0,0
02-04-2023,San Antonio Spurs,0,Sacramento Kings,0,0
02-04-2023,Los Angeles Lakers,0,Houston Rockets,0,0
02-04-2023,Phoenix Suns,0,Oklahoma City Thunder,0,0
02-04-2023,Indiana Pacers,0,Cleveland Cavaliers,0,0
02-04-2023,Philadelphia 76ers,0,Milwaukee Bucks,0,0
02-04-2023,Golden State Warriors,0,Denver Nuggets,0,0
04-04-2023,Toronto Raptors,0,Charlotte Hornets,0,0
04-04-2023,Miami Heat,0,Detroit Pistons,0,0
04-04-2023,Cleveland Cavaliers,0,Orlando Magic,0,0
04-04-2023,Milwaukee Bucks,0,Washington Wizards,0,0
04-04-2023,Minnesota Timberwolves,0,Brooklyn Nets,0,0
04-04-2023,Boston Celtics,0,Philadelphia 76ers,0,0
04-04-2023,Atlanta Hawks,0,Chicago Bulls,0,0
04-04-2023,Denver Nuggets,0,Houston Rockets,0,0
04-04-2023,Portland Trail Blazers,0,Memphis Grizzlies,0,0
04-04-2023,Sacramento Kings,0,New Orleans Pelicans,0,0
04-04-2023,Los Angeles Lakers,0,Utah Jazz,0,0
04-04-2023,Oklahoma City Thunder,0,Golden State Warriors,0,0
04-04-2023,San Antonio Spurs,0,Phoenix Suns,0,0
05-04-2023,Brooklyn Nets,0,Detroit Pistons,0,0
05-04-2023,New York Knicks,0,Indiana Pacers,0,0
05-04-2023,Washington Wizards,0,Atlanta Hawks,0,0
05-04-2023,Toronto Raptors,0,Boston Celtics,0,0
05-04-2023,Chicago Bulls,0,Milwaukee Bucks,0,0
05-04-2023,Memphis Grizzlies,0,New Orleans Pelicans,0,0
05-04-2023,Sacramento Kings,0,Dallas Mavericks,0,0
05-04-2023,Los Angeles Lakers,0,Los Angeles Clippers,0,0
06-04-2023,Cleveland Cavaliers,0,Orlando Magic,0,0
06-04-2023,Miami Heat,0,Philadelphia 76ers,0,0
06-04-2023,Portland Trail Blazers,0,San Antonio Spurs,0,0
06-04-2023,Oklahoma City Thunder,0,Utah Jazz,0,0
06-04-2023,Denver Nuggets,0,Phoenix Suns,0,0
07-04-2023,Houston Rockets,0,Charlotte Hornets,0,0
07-04-2023,Detroit Pistons,0,Indiana Pacers,0,0
07-04-2023,Miami Heat,0,Washington Wizards,0,0
07-04-2023,Philadelphia 76ers,0,Atlanta Hawks,0,0
07-04-2023,Toronto Raptors,0,Boston Celtics,0,0
07-04-2023,Orlando Magic,0,Brooklyn Nets,0,0
07-04-2023,Memphis Grizzlies,0,Milwaukee Bucks,0,0
07-04-2023,New York Knicks,0,New Orleans Pelicans,0,0
07-04-2023,Chicago Bulls,0,Dallas Mavericks,0,0
07-04-2023,Golden State Warriors,0,Sacramento Kings,0,0
07-04-2023,Phoenix Suns,0,Los Angeles Lakers,0,0
08-04-2023,Denver Nuggets,0,Utah Jazz,0,0
08-04-2023,Minnesota Timberwolves,0,San Antonio Spurs,0,0
08-04-2023,Portland Trail Blazers,0,Los Angeles Clippers,0,0
09-04-2023,Atlanta Hawks,0,Boston Celtics,0,0
09-04-2023,Philadelphia 76ers,0,Brooklyn Nets,0,0
09-04-2023,Charlotte Hornets,0,Cleveland Cavaliers,0,0
09-04-2023,Orlando Magic,0,Miami Heat,0,0
09-04-2023,Indiana Pacers,0,New York Knicks,0,0
09-04-2023,Milwaukee Bucks,0,Toronto Raptors,0,0
09-04-2023,Houston Rockets,0,Washington Wizards,0,0
09-04-2023,Detroit Pistons,0,Chicago Bulls,0,0
09-04-2023,San Antonio Spurs,0,Dallas Mavericks,0,0
09-04-2023,New Orleans Pelicans,0,Minnesota Timberwolves,0,0
09-04-2023,Memphis Grizzlies,0,Oklahoma City Thunder,0,0
09-04-2023,Sacramento Kings,0,Denver Nuggets,0,0
09-04-2023,Utah Jazz,0,Los Angeles Lakers,0,0
09-04-2023,Los Angeles Clippers,0,Phoenix Suns,0,0
09-04-2023,Golden State Warriors,0,Portland Trail Blazers,0,0
